省辖市代码,省份,年份,企业数 (个),期末使用计算机数 (台),每百人使用计算机数 (台),企业拥有网站数 (个),每百家企业拥有网站数 (个),有电子商务交易活动的企业数 (个),有电子商务交易活动的企业数比重 (%),电子商务销售额 (亿元),电子商务采购额 (亿元)
110000000000,北京市,2025,,,,,,,,,
110000000000,北京市,2024,49504.0,5178636.0,80.0,22944.0,46.0,11528.0,,46980.2,25352.8
110000000000,北京市,2023,44193.0,5149193.0,78.0,23000.0,52.0,10415.0,23.6,42301.7,22713.0
110000000000,北京市,2022,40699.0,5290838.0,81.0,21786.0,54.0,10061.0,24.7,36792.5,21284.9
110000000000,北京市,2021,39461.0,5247349.0,80.0,22367.0,57.0,9263.0,23.5,31239.8,16856.2
110000000000,北京市,2020,38865.0,5032437.0,77.0,22366.0,58.0,8877.0,22.8,25831.8,15296.4
110000000000,北京市,2019,38309.0,4859824.0,72.0,22124.0,58.0,8516.0,22.2,23235.9,13420.5
110000000000,北京市,2018,31534.0,4581161.0,70.0,20286.0,64.0,6536.0,20.7,18261.2,10623.6
110000000000,北京市,2017,31778.0,4302114.0,67.0,20812.0,65.0,6028.0,19.0,18385.7,11055.8
110000000000,北京市,2016,31523.0,4033558.0,66.0,20305.0,64.0,5661.0,18.0,12026.7,9340.6
120000000000,天津市,2025,,,,,,,,,
120000000000,天津市,2024,29626.0,1197074.0,49.0,7552.0,25.0,2619.0,,8126.2,3920.4
120000000000,天津市,2023,26563.0,1177617.0,48.0,8377.0,32.0,2553.0,9.6,8267.5,4556.8
120000000000,天津市,2022,25506.0,1152505.0,45.0,8197.0,32.0,1982.0,7.8,6974.9,4385.8
120000000000,天津市,2021,23803.0,1136909.0,45.0,9194.0,39.0,1726.0,7.3,5403.4,2437.5
120000000000,天津市,2020,21134.0,1057711.0,43.0,8429.0,40.0,1441.0,6.8,4342.0,2404.0
120000000000,天津市,2019,19519.0,997752.0,39.0,8474.0,43.0,1420.0,7.3,3226.3,2346.4
120000000000,天津市,2018,16725.0,909710.0,37.0,7848.0,47.0,1103.0,6.6,3106.0,1906.3
120000000000,天津市,2017,17003.0,879740.0,37.0,8765.0,52.0,1122.0,6.6,2629.4,1766.4
120000000000,天津市,2016,18640.0,912195.0,33.0,9848.0,53.0,1575.0,8.4,3035.0,1434.8
130000000000,河北省,2025,,,,,,,,,
130000000000,河北省,2024,43022.0,1637523.0,37.0,14823.0,34.0,3671.0,,4056.8,1979.0
130000000000,河北省,2023,40506.0,1587107.0,35.0,16431.0,41.0,3955.0,9.8,3920.8,1979.6
130000000000,河北省,2022,39475.0,1568849.0,33.0,16989.0,43.0,2669.0,6.8,3524.8,2061.0
130000000000,河北省,2021,35616.0,1507875.0,32.0,17804.0,50.0,2677.0,7.5,3790.8,2265.5
130000000000,河北省,2020,31922.0,1429512.0,31.0,16370.0,51.0,2464.0,7.7,4402.3,1717.6
130000000000,河北省,2019,28751.0,1318998.0,28.0,15856.0,55.0,2044.0,7.1,2726.3,1926.0
130000000000,河北省,2018,29231.0,1261891.0,25.0,16362.0,56.0,1954.0,6.7,2556.1,1971.4
130000000000,河北省,2017,30453.0,1219415.0,21.0,17377.0,57.0,2106.0,6.9,2441.1,2842.6
130000000000,河北省,2016,29468.0,1120877.0,19.0,16748.0,57.0,2473.0,8.4,2416.1,1045.5
140000000000,山西省,2025,,,,,,,,,
140000000000,山西省,2024,28985.0,1031275.0,31.0,5376.0,19.0,2600.0,,6152.9,2148.7
140000000000,山西省,2023,27433.0,974350.0,29.0,5350.0,20.0,2337.0,8.5,6351.2,2206.3
140000000000,山西省,2022,25777.0,931616.0,28.0,6396.0,25.0,1498.0,5.8,5629.4,1768.9
140000000000,山西省,2021,23262.0,891839.0,27.0,6854.0,30.0,1529.0,6.6,3420.8,1619.0
140000000000,山西省,2020,18831.0,845635.0,26.0,6018.0,32.0,1222.0,6.5,2322.6,928.4
140000000000,山西省,2019,16109.0,777535.0,24.0,5472.0,34.0,972.0,6.0,2136.7,1342.9
140000000000,山西省,2018,14635.0,721306.0,23.0,5637.0,39.0,916.0,6.3,2450.2,922.1
140000000000,山西省,2017,13976.0,685530.0,22.0,5839.0,42.0,904.0,6.5,864.3,733.0
140000000000,山西省,2016,13761.0,667447.0,21.0,6204.0,45.0,1110.0,8.1,680.3,621.4
150000000000,内蒙古自治区,2025,,,,,,,,,
150000000000,内蒙古自治区,2024,13949.0,676091.0,40.0,3552.0,25.0,1521.0,,6194.2,2043.9
150000000000,内蒙古自治区,2023,12433.0,646400.0,38.0,3480.0,28.0,1386.0,11.1,5316.7,2198.4
150000000000,内蒙古自治区,2022,11498.0,608965.0,38.0,3575.0,31.0,921.0,8.0,4466.6,2863.8
150000000000,内蒙古自治区,2021,10762.0,561435.0,36.0,3984.0,37.0,804.0,7.5,3145.5,2845.3
150000000000,内蒙古自治区,2020,9903.0,528836.0,35.0,3776.0,38.0,683.0,6.9,2799.9,2013.7
150000000000,内蒙古自治区,2019,9753.0,510975.0,33.0,3699.0,38.0,583.0,6.0,2568.1,1631.3
150000000000,内蒙古自治区,2018,9317.0,486112.0,31.0,4111.0,44.0,571.0,6.1,1948.6,1258.3
150000000000,内蒙古自治区,2017,9649.0,473031.0,28.0,4940.0,51.0,630.0,6.5,1725.5,1074.9
150000000000,内蒙古自治区,2016,11383.0,491371.0,25.0,5706.0,50.0,861.0,7.6,1587.6,1026.9
210000000000,辽宁省,2025,,,,,,,,,
210000000000,辽宁省,2024,33151.0,1489540.0,44.0,9266.0,28.0,2759.0,,6954.6,3801.5
210000000000,辽宁省,2023,31568.0,1432853.0,40.0,10854.0,34.0,2730.0,8.6,7841.3,4025.1
210000000000,辽宁省,2022,29992.0,1444509.0,41.0,10995.0,37.0,1919.0,6.4,6702.4,3438.3
210000000000,辽宁省,2021,28657.0,1422367.0,40.0,12629.0,44.0,1686.0,5.9,4785.7,2870.6
210000000000,辽宁省,2020,27360.0,1391234.0,38.0,12305.0,45.0,1584.0,5.8,4326.0,2646.9
210000000000,辽宁省,2019,26500.0,1351250.0,36.0,12604.0,48.0,1455.0,5.5,4112.0,2570.3
210000000000,辽宁省,2018,24758.0,1301083.0,35.0,12282.0,50.0,1226.0,5.0,3638.4,2264.2
210000000000,辽宁省,2017,24545.0,1273499.0,32.0,13181.0,54.0,1149.0,4.7,2601.5,1135.0
210000000000,辽宁省,2016,24964.0,1199429.0,28.0,13540.0,54.0,1453.0,5.8,2125.1,1058.3
220000000000,吉林省,2025,,,,,,,,,
220000000000,吉林省,2024,13240.0,564773.0,43.0,3407.0,26.0,1018.0,,1322.6,1226.5
220000000000,吉林省,2023,12758.0,560264.0,40.0,3864.0,30.0,964.0,7.6,1250.9,1247.3
220000000000,吉林省,2022,12605.0,556917.0,40.0,4216.0,33.0,603.0,4.8,608.9,331.2
220000000000,吉林省,2021,11996.0,527606.0,37.0,4639.0,39.0,673.0,5.6,587.1,349.0
220000000000,吉林省,2020,10779.0,511241.0,36.0,4368.0,41.0,595.0,5.5,525.8,346.7
220000000000,吉林省,2019,10605.0,484692.0,32.0,4313.0,41.0,537.0,5.1,596.8,288.9
220000000000,吉林省,2018,12855.0,537090.0,30.0,5417.0,42.0,635.0,4.9,553.1,288.4
220000000000,吉林省,2017,16510.0,567812.0,27.0,7038.0,43.0,717.0,4.3,538.0,255.2
220000000000,吉林省,2016,15694.0,547720.0,24.0,6474.0,41.0,807.0,5.1,504.7,236.1
230000000000,黑龙江省,2025,,,,,,,,,
230000000000,黑龙江省,2024,15078.0,581989.0,40.0,3691.0,24.0,1263.0,,1372.8,789.2
230000000000,黑龙江省,2023,14317.0,626951.0,45.0,4262.0,30.0,1257.0,8.8,1469.7,573.8
230000000000,黑龙江省,2022,14195.0,703780.0,44.0,4410.0,31.0,792.0,5.6,1180.0,676.0
230000000000,黑龙江省,2021,12701.0,686824.0,42.0,4689.0,37.0,765.0,6.0,801.7,610.4
230000000000,黑龙江省,2020,11396.0,684724.0,46.0,4328.0,38.0,631.0,5.5,687.2,367.8
230000000000,黑龙江省,2019,10612.0,667886.0,40.0,4088.0,39.0,505.0,4.8,599.1,314.9
230000000000,黑龙江省,2018,9867.0,575864.0,35.0,4322.0,44.0,466.0,4.7,593.3,310.8
230000000000,黑龙江省,2017,10620.0,512067.0,31.0,4862.0,46.0,457.0,4.3,673.7,417.3
230000000000,黑龙江省,2016,11121.0,484991.0,26.0,5114.0,46.0,618.0,5.6,299.3,238.9
310000000000,上海市,2025,,,,,,,,,
310000000000,上海市,2024,57286.0,5200359.0,71.0,28618.0,50.0,8479.0,,46683.4,24918.8
310000000000,上海市,2023,51776.0,5078350.0,70.0,31121.0,60.0,7661.0,14.8,47257.7,38057.2
310000000000,上海市,2022,51573.0,4951441.0,68.0,27929.0,54.0,6111.0,11.8,39597.8,24329.0
310000000000,上海市,2021,51587.0,4832291.0,66.0,29626.0,57.0,5851.0,11.3,29122.5,19284.3
310000000000,上海市,2020,48541.0,4511223.0,63.0,27643.0,57.0,5434.0,11.2,23624.8,14097.3
310000000000,上海市,2019,42344.0,4212421.0,61.0,26369.0,62.0,4660.0,11.0,20462.4,11367.5
310000000000,上海市,2018,33967.0,3698775.0,56.0,22718.0,67.0,3645.0,10.7,17412.0,9664.4
310000000000,上海市,2017,32923.0,3461822.0,54.0,23731.0,72.0,3556.0,10.8,15342.3,8814.2
310000000000,上海市,2016,31740.0,3182910.0,50.0,23501.0,74.0,3979.0,12.5,16037.7,8175.8
320000000000,江苏省,2025,,,,,,,,,
320000000000,江苏省,2024,185646.0,7251457.0,37.0,74433.0,40.0,21199.0,,30208.7,14277.8
320000000000,江苏省,2023,174340.0,6912347.0,34.0,76980.0,44.0,20931.0,12.0,28716.5,13372.8
320000000000,江苏省,2022,154761.0,6778956.0,33.0,70013.0,45.0,14897.0,9.6,22553.6,10566.5
320000000000,江苏省,2021,137207.0,6341912.0,31.0,72226.0,53.0,14337.0,10.4,13386.1,7234.2
320000000000,江苏省,2020,120188.0,5751294.0,29.0,66556.0,55.0,12511.0,10.4,13189.1,7713.0
320000000000,江苏省,2019,104951.0,5278056.0,27.0,63176.0,60.0,9844.0,9.4,9873.8,7418.0
320000000000,江苏省,2018,103460.0,4990547.0,24.0,62794.0,61.0,8939.0,8.6,8659.9,6534.8
320000000000,江苏省,2017,100429.0,4623098.0,22.0,63938.0,64.0,8468.0,8.4,6576.6,5227.2
320000000000,江苏省,2016,103749.0,4543589.0,21.0,65854.0,64.0,10008.0,9.6,5351.9,4406.3
330000000000,浙江省,2025,,,,,,,,,
330000000000,浙江省,2024,139433.0,5945889.0,37.0,55568.0,40.0,19861.0,,27311.2,8845.3
330000000000,浙江省,2023,128374.0,5568544.0,36.0,56199.0,44.0,19299.0,15.0,23463.9,7757.3
330000000000,浙江省,2022,123293.0,5317036.0,33.0,54345.0,44.0,13539.0,11.0,18144.1,5841.2
330000000000,浙江省,2021,115015.0,5006423.0,32.0,54338.0,47.0,13726.0,11.9,14913.5,4982.5
330000000000,浙江省,2020,103362.0,4719793.0,32.0,49142.0,48.0,12563.0,12.2,12124.5,4377.1
330000000000,浙江省,2019,96974.0,4395882.0,28.0,46952.0,48.0,11353.0,11.7,11482.0,4005.2
330000000000,浙江省,2018,88443.0,4055446.0,24.0,46586.0,53.0,10558.0,11.9,8846.5,2648.9
330000000000,浙江省,2017,84737.0,3779698.0,22.0,47796.0,56.0,10775.0,12.7,6831.3,2528.7
330000000000,浙江省,2016,82030.0,3636657.0,22.0,47649.0,58.0,12240.0,14.9,6846.8,2261.6
340000000000,安徽省,2025,,,,,,,,,
340000000000,安徽省,2024,58921.0,2106411.0,31.0,22474.0,38.0,7057.0,,11568.9,5567.9
340000000000,安徽省,2023,54942.0,1943200.0,30.0,24347.0,44.0,7565.0,13.8,10202.2,4987.1
340000000000,安徽省,2022,52245.0,1879609.0,29.0,23606.0,45.0,5877.0,11.2,8780.4,3944.2
340000000000,安徽省,2021,47073.0,1696023.0,28.0,25939.0,55.0,5878.0,12.5,7461.9,3647.2
340000000000,安徽省,2020,42843.0,1547722.0,27.0,24581.0,57.0,5698.0,13.3,6281.1,2734.4
340000000000,安徽省,2019,40439.0,1459552.0,25.0,24321.0,60.0,5830.0,14.4,5569.6,2231.3
340000000000,安徽省,2018,39818.0,1383775.0,23.0,24875.0,62.0,4704.0,11.8,4864.4,2103.2
340000000000,安徽省,2017,39256.0,1277447.0,22.0,26106.0,67.0,4510.0,11.5,3299.5,1951.2
340000000000,安徽省,2016,39318.0,1224293.0,20.0,26314.0,67.0,5001.0,12.7,2894.7,1967.7
350000000000,福建省,2025,,,,,,,,,
350000000000,福建省,2024,73324.0,2214908.0,30.0,21497.0,29.0,9134.0,,13504.5,2617.6
350000000000,福建省,2023,68109.0,2154786.0,29.0,22056.0,32.0,8857.0,13.0,12541.3,2862.4
350000000000,福建省,2022,63816.0,2079176.0,24.0,21472.0,34.0,6587.0,10.3,8465.2,2240.8
350000000000,福建省,2021,57375.0,1957410.0,23.0,22292.0,39.0,6786.0,11.8,6397.2,2292.4
350000000000,福建省,2020,54017.0,1874018.0,22.0,21380.0,40.0,6403.0,11.9,5082.2,1767.2
350000000000,福建省,2019,51379.0,1815601.0,19.0,20455.0,40.0,5749.0,11.2,4477.9,1725.1
350000000000,福建省,2018,46357.0,1645811.0,17.0,20261.0,44.0,5028.0,10.8,3481.0,998.1
350000000000,福建省,2017,44644.0,1637327.0,18.0,20923.0,47.0,4887.0,10.9,2872.8,1043.3
350000000000,福建省,2016,42403.0,1557898.0,18.0,20786.0,49.0,5158.0,12.2,2399.3,877.9
360000000000,江西省,2025,,,,,,,,,
360000000000,江西省,2024,54180.0,1291302.0,31.0,12143.0,22.0,6792.0,,4765.4,1360.6
360000000000,江西省,2023,49923.0,1246822.0,29.0,18284.0,37.0,6790.0,13.6,5007.8,1411.3
360000000000,江西省,2022,44292.0,1169987.0,25.0,17263.0,39.0,4337.0,9.8,3908.3,1275.1
360000000000,江西省,2021,37612.0,1132004.0,25.0,18149.0,48.0,3972.0,10.6,3807.7,1860.1
360000000000,江西省,2020,32067.0,1077845.0,24.0,15605.0,49.0,3259.0,10.2,3294.2,1585.2
360000000000,江西省,2019,29196.0,992350.0,22.0,14204.0,49.0,2658.0,9.1,2968.5,1369.1
360000000000,江西省,2018,27056.0,896706.0,19.0,13837.0,51.0,2234.0,8.3,2817.9,1048.9
360000000000,江西省,2017,25062.0,827224.0,17.0,13176.0,53.0,1925.0,7.7,2871.0,940.7
360000000000,江西省,2016,22437.0,743753.0,15.0,11828.0,53.0,1637.0,7.3,2288.1,657.6
370000000000,山东省,2025,,,,,,,,,
370000000000,山东省,2024,128344.0,3951211.0,36.0,46632.0,36.0,21871.0,,34535.2,15064.5
370000000000,山东省,2023,120269.0,3856707.0,34.0,50724.0,42.0,22920.0,19.1,33152.4,13864.8
370000000000,山东省,2022,98861.0,3645004.0,34.0,43005.0,44.0,12676.0,12.8,24263.8,11298.2
370000000000,山东省,2021,88436.0,3435073.0,32.0,41834.0,47.0,13120.0,14.8,17145.5,9115.6
370000000000,山东省,2020,77882.0,3171601.0,30.0,38570.0,50.0,9777.0,12.6,13819.8,7629.8
370000000000,山东省,2019,66593.0,2877131.0,27.0,34805.0,52.0,8351.0,12.5,12882.4,7959.8
370000000000,山东省,2018,78913.0,2803319.0,24.0,41713.0,53.0,10654.0,13.5,15992.2,10034.3
370000000000,山东省,2017,82791.0,2721641.0,20.0,44253.0,53.0,7445.0,9.0,13893.0,8292.1
370000000000,山东省,2016,84057.0,2661528.0,19.0,45228.0,54.0,8358.0,9.9,9890.2,6349.1
410000000000,河南省,2025,,,,,,,,,
410000000000,河南省,2024,75879.0,2034863.0,32.0,24520.0,32.0,6797.0,,9664.9,3732.6
410000000000,河南省,2023,71075.0,1966765.0,30.0,25170.0,35.0,6438.0,9.1,9813.3,3953.7
410000000000,河南省,2022,68415.0,1916565.0,24.0,24735.0,36.0,3850.0,5.6,5947.0,3205.6
410000000000,河南省,2021,60508.0,1858564.0,22.0,23883.0,40.0,4291.0,7.1,5088.3,3523.6
410000000000,河南省,2020,55912.0,1797652.0,21.0,23848.0,43.0,4191.0,7.5,4254.2,2672.1
410000000000,河南省,2019,54474.0,1721638.0,19.0,24457.0,45.0,3831.0,7.0,4262.3,2460.1
410000000000,河南省,2018,53291.0,1612445.0,17.0,25586.0,48.0,3618.0,6.8,5183.9,2220.2
410000000000,河南省,2017,58447.0,1593335.0,14.0,27432.0,47.0,3672.0,6.3,4407.4,1752.7
410000000000,河南省,2016,59267.0,1596175.0,14.0,26700.0,45.0,4011.0,6.8,4135.3,1596.4
420000000000,湖北省,2025,,,,,,,,,
420000000000,湖北省,2024,70736.0,2405253.0,36.0,27004.0,38.0,9377.0,,10974.4,4584.4
420000000000,湖北省,2023,64218.0,2250768.0,34.0,28337.0,44.0,8971.0,14.0,10550.6,4446.9
420000000000,湖北省,2022,52824.0,2164957.0,33.0,26976.0,51.0,5018.0,9.5,8356.7,4157.4
420000000000,湖北省,2021,44335.0,1979422.0,33.0,25595.0,58.0,4775.0,10.8,6126.9,3495.6
420000000000,湖北省,2020,40973.0,1828064.0,30.0,24141.0,59.0,4545.0,11.1,5078.7,2946.9
420000000000,湖北省,2019,40158.0,1774183.0,27.0,23693.0,59.0,3909.0,9.7,4734.4,3074.5
420000000000,湖北省,2018,40082.0,1788207.0,26.0,23869.0,60.0,3666.0,9.1,4051.4,1825.9
420000000000,湖北省,2017,36577.0,1591304.0,24.0,22849.0,62.0,3284.0,9.0,4411.3,1755.6
420000000000,湖北省,2016,38531.0,1525391.0,22.0,23191.0,60.0,4359.0,11.3,2741.0,1455.2
430000000000,湖南省,2025,,,,,,,,,
430000000000,湖南省,2024,56846.0,1764190.0,32.0,23397.0,41.0,7094.0,,6560.1,4125.5
430000000000,湖南省,2023,54358.0,1693084.0,29.0,24406.0,45.0,7742.0,14.2,6322.3,3866.5
430000000000,湖南省,2022,49864.0,1668593.0,28.0,22690.0,46.0,4671.0,9.4,6070.1,3244.4
430000000000,湖南省,2021,45146.0,1540680.0,27.0,21936.0,49.0,4949.0,11.0,5065.8,3484.9
430000000000,湖南省,2020,44240.0,1482739.0,25.0,20982.0,47.0,4834.0,10.9,4185.8,2820.2
430000000000,湖南省,2019,41505.0,1381750.0,23.0,19466.0,47.0,4158.0,10.0,3444.8,2308.3
430000000000,湖南省,2018,38803.0,1267433.0,22.0,19863.0,51.0,3988.0,10.3,3127.5,2581.3
430000000000,湖南省,2017,36103.0,1229091.0,20.0,19406.0,54.0,3292.0,9.1,2682.7,1162.2
430000000000,湖南省,2016,33145.0,1094153.0,19.0,18827.0,57.0,3603.0,10.9,2227.5,966.7
440000000000,广东省,2025,,,,,,,,,
440000000000,广东省,2024,215442.0,12089900.0,49.0,90906.0,42.0,27520.0,,53706.6,30059.3
440000000000,广东省,2023,195868.0,11026304.0,45.0,93839.0,48.0,28076.0,14.3,53154.0,29140.7
440000000000,广东省,2022,185659.0,11051742.0,45.0,90633.0,49.0,21827.0,11.8,47419.7,23038.7
440000000000,广东省,2021,171162.0,10506390.0,43.0,94392.0,55.0,19257.0,11.3,37886.0,20748.3
440000000000,广东省,2020,150056.0,9914338.0,43.0,85688.0,57.0,16936.0,11.3,30533.8,21879.3
440000000000,广东省,2019,140878.0,9450134.0,40.0,83586.0,59.0,15175.0,10.8,30168.2,21902.5
440000000000,广东省,2018,124606.0,8459520.0,37.0,74939.0,60.0,12158.0,9.8,27829.9,17104.6
440000000000,广东省,2017,113151.0,7749271.0,34.0,72135.0,64.0,10922.0,9.7,23191.5,13904.4
440000000000,广东省,2016,99568.0,7024193.0,32.0,65556.0,66.0,11542.0,11.6,17595.1,12854.7
450000000000,广西壮族自治区,2025,,,,,,,,,
450000000000,广西壮族自治区,2024,29995.0,1036531.0,37.0,6984.0,23.0,3393.0,,4789.4,2055.1
450000000000,广西壮族自治区,2023,27680.0,1017919.0,35.0,7460.0,27.0,3447.0,12.5,4022.6,1976.2
450000000000,广西壮族自治区,2022,26654.0,948034.0,31.0,6846.0,26.0,2318.0,8.7,3703.8,1634.5
450000000000,广西壮族自治区,2021,24122.0,938523.0,30.0,6795.0,28.0,2365.0,9.8,2616.6,1330.0
450000000000,广西壮族自治区,2020,21058.0,884642.0,29.0,5725.0,27.0,2136.0,10.1,2116.5,1223.0
450000000000,广西壮族自治区,2019,18531.0,815880.0,27.0,4538.0,25.0,1762.0,9.5,1586.5,1355.3
450000000000,广西壮族自治区,2018,17285.0,721030.0,24.0,4101.0,24.0,1530.0,8.9,1168.2,815.8
450000000000,广西壮族自治区,2017,16491.0,692093.0,20.0,3463.0,21.0,1473.0,8.9,971.0,655.7
450000000000,广西壮族自治区,2016,15077.0,670329.0,21.0,2222.0,15.0,1660.0,11.0,970.9,637.8
460000000000,海南省,2025,,,,,,,,,
460000000000,海南省,2024,7496.0,266578.0,47.0,2013.0,27.0,1115.0,,2983.1,934.9
460000000000,海南省,2023,6179.0,266051.0,47.0,2160.0,35.0,950.0,15.4,2441.0,636.0
460000000000,海南省,2022,5522.0,250456.0,45.0,1922.0,35.0,735.0,13.3,1585.9,498.8
460000000000,海南省,2021,4753.0,227453.0,42.0,2017.0,42.0,657.0,13.8,1250.1,360.4
460000000000,海南省,2020,4148.0,216286.0,42.0,1874.0,45.0,578.0,13.9,941.7,321.6
460000000000,海南省,2019,3501.0,207609.0,42.0,1817.0,52.0,452.0,12.9,828.5,297.1
460000000000,海南省,2018,3023.0,194262.0,40.0,1820.0,60.0,392.0,13.0,689.5,284.5
460000000000,海南省,2017,2856.0,184038.0,41.0,1966.0,69.0,424.0,14.8,563.9,260.0
460000000000,海南省,2016,2838.0,173547.0,39.0,1963.0,69.0,521.0,18.4,526.0,263.3
500000000000,重庆市,2025,,,,,,,,,
500000000000,重庆市,2024,28526.0,1390381.0,36.0,10321.0,36.0,4849.0,,12395.5,5768.4
500000000000,重庆市,2023,27777.0,1319054.0,32.0,11734.0,42.0,4790.0,17.2,9406.9,4917.8
500000000000,重庆市,2022,26486.0,1316021.0,30.0,11565.0,44.0,3265.0,12.3,14206.3,4338.5
500000000000,重庆市,2021,25113.0,1267110.0,28.0,11796.0,47.0,3406.0,13.6,6723.4,2851.3
500000000000,重庆市,2020,23414.0,1197952.0,27.0,10928.0,47.0,3199.0,13.7,5810.3,2148.4
500000000000,重庆市,2019,22076.0,1119132.0,25.0,10269.0,47.0,2737.0,12.4,4762.9,1719.8
500000000000,重庆市,2018,21990.0,1069389.0,24.0,10861.0,49.0,2545.0,11.6,4186.8,1624.7
500000000000,重庆市,2017,23455.0,1032125.0,21.0,11519.0,49.0,2513.0,10.7,3572.2,1201.6
500000000000,重庆市,2016,23388.0,988132.0,20.0,11406.0,49.0,2716.0,11.6,3210.2,1228.9
510000000000,四川省,2025,,,,,,,,,
510000000000,四川省,2024,69448.0,2939575.0,38.0,23185.0,33.0,9132.0,,12342.5,5954.2
510000000000,四川省,2023,63196.0,2793689.0,36.0,25153.0,40.0,9046.0,14.3,11126.7,5846.1
510000000000,四川省,2022,57360.0,2723254.0,33.0,24359.0,43.0,6136.0,10.7,9092.5,5430.7
510000000000,四川省,2021,51800.0,2565353.0,31.0,25053.0,48.0,6518.0,12.6,7364.4,5474.7
510000000000,四川省,2020,46540.0,2359810.0,29.0,22806.0,49.0,5876.0,12.6,5901.6,4405.0
510000000000,四川省,2019,42111.0,2121513.0,26.0,24328.0,58.0,4968.0,11.8,5368.0,3688.8
510000000000,四川省,2018,39274.0,1898955.0,24.0,21220.0,54.0,4501.0,11.5,4219.2,2463.9
510000000000,四川省,2017,38076.0,1756141.0,23.0,22234.0,58.0,4459.0,11.7,3687.8,2023.9
510000000000,四川省,2016,36883.0,1682507.0,23.0,21654.0,59.0,5120.0,13.9,2381.2,1228.8
520000000000,贵州省,2025,,,,,,,,,
520000000000,贵州省,2024,19832.0,647382.0,37.0,4901.0,25.0,2371.0,,5613.9,1418.7
520000000000,贵州省,2023,19084.0,629810.0,36.0,4934.0,26.0,2521.0,13.2,4963.9,1321.5
520000000000,贵州省,2022,18833.0,640320.0,33.0,5887.0,31.0,1655.0,8.8,3520.5,994.5
520000000000,贵州省,2021,17607.0,602577.0,30.0,7246.0,41.0,1883.0,10.7,1746.6,893.8
520000000000,贵州省,2020,16052.0,560259.0,29.0,6505.0,41.0,1697.0,10.6,1628.1,772.3
520000000000,贵州省,2019,15782.0,561177.0,28.0,6562.0,42.0,1487.0,9.4,1415.4,612.2
520000000000,贵州省,2018,16293.0,508564.0,26.0,7093.0,44.0,1576.0,9.7,1612.1,616.3
520000000000,贵州省,2017,15953.0,500947.0,25.0,7193.0,45.0,1657.0,10.4,1434.3,516.2
520000000000,贵州省,2016,14216.0,478722.0,25.0,6331.0,45.0,1767.0,12.4,1518.7,845.0
530000000000,云南省,2025,,,,,,,,,
530000000000,云南省,2024,26807.0,953252.0,40.0,6867.0,26.0,3302.0,,2774.5,1022.2
530000000000,云南省,2023,24877.0,887615.0,38.0,7484.0,30.0,3450.0,13.9,3135.2,1063.8
530000000000,云南省,2022,22072.0,859379.0,36.0,6865.0,31.0,2077.0,9.4,2326.3,912.3
530000000000,云南省,2021,19600.0,824704.0,35.0,7321.0,37.0,2247.0,11.5,2461.7,1459.4
530000000000,云南省,2020,17693.0,787004.0,34.0,6748.0,38.0,2055.0,11.6,2324.4,1358.1
530000000000,云南省,2019,16940.0,826983.0,34.0,6728.0,40.0,1783.0,10.5,1959.6,936.2
530000000000,云南省,2018,16541.0,728873.0,30.0,7189.0,43.0,1713.0,10.4,1443.1,867.3
530000000000,云南省,2017,15551.0,693067.0,29.0,7423.0,48.0,1742.0,11.2,1329.4,821.2
530000000000,云南省,2016,15145.0,655808.0,27.0,7194.0,48.0,1996.0,13.2,1249.7,617.0
540000000000,西藏自治区,2025,,,,,,,,,
540000000000,西藏自治区,2024,2440.0,66223.0,44.0,664.0,27.0,278.0,,295.4,57.5
540000000000,西藏自治区,2023,1744.0,49637.0,41.0,664.0,38.0,222.0,12.7,326.1,98.5
540000000000,西藏自治区,2022,1509.0,45577.0,42.0,632.0,42.0,126.0,8.3,174.7,33.2
540000000000,西藏自治区,2021,1408.0,44814.0,39.0,631.0,45.0,140.0,9.9,152.2,22.1
540000000000,西藏自治区,2020,1250.0,40868.0,36.0,593.0,47.0,120.0,9.6,75.2,12.3
540000000000,西藏自治区,2019,955.0,36240.0,33.0,615.0,64.0,96.0,10.1,156.6,38.0
540000000000,西藏自治区,2018,796.0,34874.0,34.0,467.0,59.0,89.0,11.2,119.3,48.3
540000000000,西藏自治区,2017,720.0,32154.0,37.0,455.0,63.0,89.0,12.4,77.6,2.8
540000000000,西藏自治区,2016,623.0,24848.0,30.0,424.0,68.0,109.0,17.5,73.1,40.3
610000000000,陕西省,2025,,,,,,,,,
610000000000,陕西省,2024,34025.0,1589641.0,46.0,12129.0,36.0,4165.0,,6857.4,2797.6
610000000000,陕西省,2023,30460.0,1440424.0,43.0,13039.0,43.0,4093.0,13.4,5467.2,2906.5
610000000000,陕西省,2022,29424.0,1392860.0,40.0,12755.0,43.0,2968.0,10.1,4034.5,2208.7
610000000000,陕西省,2021,27327.0,1339243.0,39.0,13132.0,48.0,3252.0,11.9,3048.6,1813.6
610000000000,陕西省,2020,26145.0,1334689.0,38.0,12363.0,47.0,3038.0,11.6,2118.6,1019.1
610000000000,陕西省,2019,24750.0,1250333.0,34.0,11945.0,48.0,2713.0,11.0,1994.3,1021.2
610000000000,陕西省,2018,22692.0,1145226.0,32.0,11904.0,52.0,2483.0,10.9,1820.3,814.7
610000000000,陕西省,2017,21068.0,1061206.0,30.0,11571.0,55.0,2311.0,11.0,1213.7,814.4
610000000000,陕西省,2016,18859.0,925114.0,26.0,10644.0,56.0,2300.0,12.2,1047.5,698.4
620000000000,甘肃省,2025,,,,,,,,,
620000000000,甘肃省,2024,14002.0,448296.0,35.0,3549.0,25.0,1391.0,,1576.3,1093.6
620000000000,甘肃省,2023,12252.0,428512.0,33.0,3700.0,30.0,1317.0,10.7,1403.5,1039.6
620000000000,甘肃省,2022,11145.0,413904.0,31.0,4170.0,37.0,855.0,7.7,1174.2,1136.2
620000000000,甘肃省,2021,10271.0,398082.0,29.0,4598.0,45.0,955.0,9.3,771.1,876.4
620000000000,甘肃省,2020,9139.0,379220.0,28.0,3934.0,43.0,803.0,8.8,543.9,815.7
620000000000,甘肃省,2019,8501.0,353817.0,26.0,3671.0,43.0,674.0,7.9,553.5,788.4
620000000000,甘肃省,2018,8183.0,322096.0,23.0,3986.0,49.0,614.0,7.5,506.4,784.8
620000000000,甘肃省,2017,8481.0,314175.0,22.0,4448.0,52.0,578.0,6.8,412.6,777.8
620000000000,甘肃省,2016,8448.0,302904.0,20.0,4643.0,55.0,886.0,10.5,325.0,376.3
630000000000,青海省,2025,,,,,,,,,
630000000000,青海省,2024,3147.0,144963.0,43.0,776.0,25.0,359.0,,380.8,377.0
630000000000,青海省,2023,2735.0,139496.0,41.0,867.0,32.0,368.0,13.5,483.8,353.3
630000000000,青海省,2022,2501.0,149062.0,44.0,935.0,37.0,305.0,12.2,820.0,315.8
630000000000,青海省,2021,2375.0,146795.0,44.0,1013.0,43.0,301.0,12.7,665.2,275.8
630000000000,青海省,2020,2288.0,139604.0,42.0,980.0,43.0,235.0,10.3,201.6,197.4
630000000000,青海省,2019,2278.0,140076.0,40.0,1010.0,44.0,211.0,9.3,210.8,219.0
630000000000,青海省,2018,2070.0,131203.0,36.0,1062.0,51.0,186.0,9.0,168.0,169.1
630000000000,青海省,2017,2105.0,120666.0,30.0,1183.0,56.0,192.0,9.1,133.0,153.6
630000000000,青海省,2016,2150.0,113909.0,27.0,1246.0,58.0,233.0,10.8,441.7,449.4
640000000000,宁夏回族自治区,2025,,,,,,,,,
640000000000,宁夏回族自治区,2024,4903.0,219435.0,39.0,1404.0,29.0,541.0,,1015.2,562.9
640000000000,宁夏回族自治区,2023,4392.0,205282.0,36.0,1540.0,35.0,544.0,12.4,751.0,482.9
640000000000,宁夏回族自治区,2022,4209.0,201049.0,36.0,1651.0,39.0,358.0,8.5,468.6,341.5
640000000000,宁夏回族自治区,2021,3776.0,192353.0,35.0,1694.0,45.0,351.0,9.3,317.2,236.1
640000000000,宁夏回族自治区,2020,3546.0,180326.0,34.0,1600.0,45.0,315.0,8.9,235.5,193.8
640000000000,宁夏回族自治区,2019,3447.0,155234.0,29.0,1532.0,44.0,296.0,8.6,243.5,171.8
640000000000,宁夏回族自治区,2018,3347.0,167865.0,31.0,1667.0,50.0,286.0,8.5,267.1,217.6
640000000000,宁夏回族自治区,2017,3545.0,169733.0,30.0,1842.0,52.0,299.0,8.4,249.5,185.2
640000000000,宁夏回族自治区,2016,3314.0,160547.0,28.0,1764.0,53.0,371.0,11.2,169.2,117.7
650000000000,新疆维吾尔自治区,2025,,,,,,,,,
650000000000,新疆维吾尔自治区,2024,22133.0,651519.0,35.0,4438.0,20.0,1970.0,,4876.2,3637.6
650000000000,新疆维吾尔自治区,2023,18851.0,613833.0,33.0,4051.0,21.0,1816.0,9.6,3372.3,2505.3
650000000000,新疆维吾尔自治区,2022,17087.0,593701.0,33.0,3597.0,21.0,1047.0,6.1,1725.9,1432.3
650000000000,新疆维吾尔自治区,2021,15616.0,571010.0,32.0,3993.0,26.0,934.0,6.0,917.7,871.5
650000000000,新疆维吾尔自治区,2020,13660.0,544612.0,30.0,3314.0,24.0,852.0,6.2,731.3,722.7
650000000000,新疆维吾尔自治区,2019,11844.0,517695.0,29.0,3061.0,26.0,681.0,5.7,718.8,764.9
650000000000,新疆维吾尔自治区,2018,10251.0,482087.0,28.0,3167.0,31.0,521.0,5.1,850.9,580.9
650000000000,新疆维吾尔自治区,2017,10388.0,466963.0,26.0,3271.0,31.0,536.0,5.2,597.0,300.1
650000000000,新疆维吾尔自治区,2016,10103.0,460179.0,25.0,3428.0,34.0,628.0,6.2,326.2,272.6
