省辖市代码,省份,年份,地区生产总值 (亿元),第一产业增加值 (亿元),第二产业增加值 (亿元),第三产业增加值 (亿元),农林牧渔业增加值 (亿元),工业增加值 (亿元),建筑业增加值 (亿元),批发和零售业增加值 (亿元),交通运输、仓储和邮政业增加值 (亿元),住宿和餐饮业增加值 (亿元),金融业增加值 (亿元),房地产业增加值 (亿元),其他行业增加值 (亿元),人均地区生产总值 (元/人)
110000000000,北京市,2025,,,,,,,,,,,,,,238705.0
110000000000,北京市,2024,49843.1,116.4,7226.8,42499.9,117.9,5937.6,1414.3,3078.5,1240.3,442.7,8154.2,4933.0,24524.8,228167.0
110000000000,北京市,2023,47353.7,115.1,6893.8,40344.8,116.5,5647.8,1341.3,3128.8,1122.4,451.0,7593.7,4895.6,23056.6,216722.0
110000000000,北京市,2022,45222.4,111.5,6960.4,38150.6,113.1,5655.1,1390.7,3139.7,945.7,374.2,7539.7,5035.3,21029.0,206826.0
110000000000,北京市,2021,44350.7,111.4,7732.2,36507.1,113.4,6356.3,1467.6,3153.1,953.2,434.7,7310.9,4920.6,19640.9,202607.0
110000000000,北京市,2020,38503.6,108.3,5899.8,32495.5,110.7,4519.0,1455.4,2857.5,875.4,364.6,6804.1,4461.0,17056.0,175856.0
110000000000,北京市,2019,37767.0,114.4,5812.9,31839.7,116.9,4402.8,1460.3,2876.0,1024.7,542.8,6373.1,4591.5,16379.0,172373.0
110000000000,北京市,2018,35161.4,120.6,5477.4,29563.5,122.6,4139.9,1387.8,2824.1,1019.5,515.3,5951.3,4395.7,14805.3,160335.0
110000000000,北京市,2017,31325.9,121.9,5049.4,26154.6,124.3,3885.9,1210.9,2703.7,904.1,470.4,5299.6,3738.5,12988.6,142715.0
110000000000,北京市,2016,28438.7,129.8,4665.8,23643.2,132.2,3635.5,1074.5,2544.3,793.4,447.0,4784.7,3531.6,11495.6,129739.0
120000000000,天津市,2025,,,,,,,,,,,,,,135972.0
120000000000,天津市,2024,18024.3,284.3,6214.3,11525.8,296.3,5738.7,615.9,1461.5,951.8,204.0,2564.8,1062.9,5128.3,132143.0
120000000000,天津市,2023,17211.8,270.5,6080.6,10860.8,281.7,5618.7,589.1,1467.4,907.7,194.0,2393.3,1081.9,4677.9,126232.0
120000000000,天津市,2022,16588.5,273.2,6092.7,10222.7,283.8,5555.3,608.8,1420.2,883.0,151.4,2347.5,1029.3,4309.4,121261.0
120000000000,天津市,2021,16093.2,265.9,5780.5,10046.8,276.0,5235.6,653.0,1447.2,828.7,161.1,2283.3,1095.9,4112.3,116618.0
120000000000,天津市,2020,14230.8,210.3,4966.6,9053.8,218.3,4395.9,656.5,1317.5,745.7,137.7,2150.6,1010.6,3597.9,102675.0
120000000000,天津市,2019,14097.2,185.4,5016.9,8894.9,191.8,4456.8,673.6,1365.6,758.5,178.0,1939.9,1113.9,3419.1,101858.0
120000000000,天津市,2018,13411.1,175.3,4835.3,8400.5,181.0,4276.9,674.1,1345.2,753.5,157.9,1838.4,1143.4,3040.7,96034.0
120000000000,天津市,2017,12468.2,169.0,4564.1,7735.2,174.0,3942.5,704.0,1313.6,734.2,147.2,1731.8,1139.7,2581.4,87404.0
120000000000,天津市,2016,11487.0,168.5,4368.0,6950.6,174.6,3773.0,710.8,1199.1,693.1,123.0,1558.6,1084.3,2170.5,79716.0
130000000000,河北省,2025,,,,,,,,,,,,,,66936.0
130000000000,河北省,2024,47526.9,4522.3,17470.5,25534.1,4876.0,14908.5,2648.1,4242.3,3566.5,506.9,3310.1,2675.1,10793.3,64352.0
130000000000,河北省,2023,45660.0,4463.0,17112.2,24084.8,4788.5,14609.5,2557.0,3924.6,3501.2,481.2,3110.9,2682.3,10004.9,61649.0
130000000000,河北省,2022,43198.3,4408.4,16406.7,22383.3,4700.8,14123.7,2338.7,3609.3,3197.6,403.9,2943.7,2542.3,9338.2,58109.0
130000000000,河北省,2021,41205.4,4029.3,16450.8,20725.3,4288.3,14216.8,2287.2,3306.6,3188.0,416.4,2847.4,2596.2,8058.6,55265.0
130000000000,河北省,2020,36821.5,3880.4,13938.0,19003.1,4113.2,11813.5,2166.9,2983.5,2831.8,350.0,2605.8,2584.7,7372.0,49388.0
130000000000,河北省,2019,35623.5,3518.4,13600.9,18504.2,3727.5,11474.3,2164.2,2949.8,2904.6,403.7,2434.1,2528.1,7037.2,47904.0
130000000000,河北省,2018,32947.0,3338.6,12904.1,16704.3,3522.3,10930.3,2007.9,2722.3,2625.7,354.8,2220.9,2391.9,6170.9,44418.0
130000000000,河北省,2017,31065.5,3130.0,12778.0,15157.5,3298.3,11015.7,1796.8,2553.3,2559.9,330.5,2039.9,2308.6,5162.6,42026.0
130000000000,河北省,2016,28879.7,3082.5,12332.3,13464.9,3235.1,10755.9,1610.1,2290.0,2427.1,297.2,1720.0,2058.1,4486.3,39239.0
140000000000,山西省,2025,,,,,,,,,,,,,,74223.0
140000000000,山西省,2024,25494.7,1392.5,11021.5,13080.7,1477.8,9887.0,1189.0,1779.5,1427.8,355.0,1520.2,1277.5,6580.8,73769.0
140000000000,山西省,2023,26050.8,1365.2,11940.1,12745.5,1447.0,10800.0,1190.6,1807.0,1470.4,335.4,1391.1,1337.3,6271.9,74999.0
140000000000,山西省,2022,25653.2,1335.3,12667.1,11650.9,1411.7,11500.9,1210.4,1774.6,1297.6,271.1,1360.5,1209.3,5617.1,73705.0
140000000000,山西省,2021,23087.8,1286.7,10892.5,10908.6,1357.5,9790.4,1139.1,1668.7,1284.2,263.0,1291.2,1255.3,5038.4,66249.0
140000000000,山西省,2020,18202.7,1166.6,7440.2,9595.9,1232.0,6458.8,1005.3,1380.2,1093.1,202.2,1192.2,1211.1,4427.9,52105.0
140000000000,山西省,2019,17311.0,825.3,7402.9,9082.7,875.5,6481.9,934.6,1377.2,1047.9,220.9,1133.4,1173.0,4066.6,49467.0
140000000000,山西省,2018,16153.1,740.8,7074.5,8337.9,788.4,6260.2,819.9,1328.3,990.7,193.5,1081.1,1126.5,3564.6,46073.0
140000000000,山西省,2017,14679.1,719.2,6635.3,7324.6,764.1,5887.3,752.9,1148.5,859.1,176.8,965.1,1064.8,3060.7,41791.0
140000000000,山西省,2016,12160.1,724.3,5113.6,6322.2,766.8,4441.2,676.6,1108.1,750.5,165.8,909.3,852.8,2488.9,34580.0
150000000000,内蒙古自治区,2025,,,,,,,,,,,,,,112181.0
150000000000,内蒙古自治区,2024,26314.6,2872.6,11604.4,11837.6,2945.9,10002.3,1641.8,2083.8,1582.7,395.5,946.6,1031.7,5684.2,110011.0
150000000000,内蒙古自治区,2023,25020.5,2644.2,11130.4,11245.8,2712.1,9658.4,1505.0,1941.6,1538.3,376.7,909.7,1046.9,5331.7,104317.0
150000000000,内蒙古自治区,2022,23795.7,2655.1,10916.8,10223.9,2711.5,9558.8,1394.6,1796.8,1358.3,305.4,881.3,999.9,4789.1,99128.0
150000000000,内蒙古自治区,2021,21584.8,2354.6,9646.5,9583.6,2388.6,8360.0,1318.5,1691.9,1291.6,345.4,845.0,967.4,4376.3,89880.0
150000000000,内蒙古自治区,2020,17623.4,2028.8,6789.7,8804.9,2060.0,5567.1,1244.0,1454.7,1157.8,296.8,800.9,955.9,4086.1,73156.0
150000000000,内蒙古自治区,2019,17479.4,1863.3,6774.0,8842.2,1893.5,5486.7,1287.3,1496.3,1209.7,365.1,847.0,930.8,3963.1,72274.0
150000000000,内蒙古自治区,2018,16252.9,1750.7,6335.4,8166.8,1779.8,5104.2,1231.2,1370.2,1138.2,330.2,847.0,844.3,3607.8,66953.0
150000000000,内蒙古自治区,2017,15009.9,1649.8,5874.2,7485.9,1677.7,4671.9,1202.3,1303.0,1081.8,318.7,809.4,766.4,3178.7,61655.0
150000000000,内蒙古自治区,2016,13879.0,1650.6,5579.8,6648.7,1677.0,4357.1,1222.7,1220.5,983.4,302.6,730.1,734.5,2651.1,56928.0
210000000000,辽宁省,2025,,,,,,,,,,,,,,80094.0
210000000000,辽宁省,2024,32612.7,2565.7,11503.3,18543.7,2661.6,9911.7,1715.7,3126.6,1785.0,575.1,1678.6,2049.1,9109.1,78236.0
210000000000,辽宁省,2023,31389.8,2642.2,11104.8,17642.9,2736.2,9615.0,1606.9,3021.3,1581.9,534.5,1493.4,2092.3,8708.3,74925.0
210000000000,辽宁省,2022,29739.7,2598.0,10924.1,16217.5,2687.9,9484.3,1519.0,2745.8,1407.9,413.7,1631.7,1927.5,7921.9,70590.0
210000000000,辽宁省,2021,28471.0,2462.1,10664.9,15344.0,2548.1,9129.7,1625.0,2524.1,1367.0,397.6,1704.1,2041.9,7133.5,67117.0
210000000000,辽宁省,2020,25839.0,2284.8,9294.3,14259.9,2370.3,7812.3,1547.3,2204.5,1228.8,310.9,1799.4,2061.8,6503.7,60570.0
210000000000,辽宁省,2019,25665.9,2178.0,9510.3,13977.6,2266.9,8058.0,1508.4,2254.8,1317.8,342.7,1836.2,2003.7,6077.5,59911.0
210000000000,辽宁省,2018,24113.5,2020.6,9049.0,13044.0,2109.6,7728.7,1433.9,2046.9,1314.7,296.3,1856.6,1842.6,5484.2,56058.0
210000000000,辽宁省,2017,22105.4,1902.3,8328.9,11874.2,2000.4,7039.0,1388.2,1988.1,1265.3,287.8,1755.9,1558.6,4822.2,51176.0
210000000000,辽宁省,2016,20832.0,1841.2,7865.7,11125.2,1945.8,6617.5,1338.0,1920.7,1208.8,284.9,1650.4,1492.5,4373.3,48083.0
220000000000,吉林省,2025,,,,,,,,,,,,,,64906.0
220000000000,吉林省,2024,14361.2,1589.8,4577.6,8193.8,1648.8,3804.9,814.0,947.2,934.8,248.9,832.3,920.3,4210.0,61689.0
220000000000,吉林省,2023,13942.7,1644.9,4426.9,7871.0,1702.1,3652.0,813.5,927.3,898.6,236.6,817.1,922.3,3973.1,59495.0
220000000000,吉林省,2022,13121.4,1689.1,4274.9,7157.4,1742.3,3503.9,814.2,824.4,745.5,195.2,816.2,843.2,3636.3,55564.0
220000000000,吉林省,2021,13431.1,1554.0,4713.7,7163.4,1604.9,3830.3,918.9,846.9,772.2,221.0,814.2,875.0,3547.8,56268.0
220000000000,吉林省,2020,12499.5,1553.0,4337.3,6609.1,1600.6,3540.0,817.4,750.6,655.0,175.6,762.9,892.0,3305.3,51576.0
220000000000,吉林省,2019,11949.4,1287.3,4162.0,6500.1,1333.4,3375.2,809.3,765.2,607.1,202.3,781.3,875.8,3199.7,48456.0
220000000000,吉林省,2018,11437.4,1160.7,4051.5,6225.1,1205.0,3287.2,785.6,732.9,584.9,188.1,780.8,839.4,3033.7,45658.0
220000000000,吉林省,2017,11083.0,1095.4,3995.5,5992.1,1137.7,3235.2,781.1,717.8,568.4,181.1,774.6,801.0,2886.1,43522.0
220000000000,吉林省,2016,10603.5,1130.1,3901.4,5572.1,1171.1,3148.2,773.5,704.9,541.9,178.1,732.2,783.7,2569.9,40940.0
230000000000,黑龙江省,2025,,,,,,,,,,,,,,55980.0
230000000000,黑龙江省,2024,16476.9,3203.3,4147.3,9126.2,3319.0,3786.3,515.8,1408.3,1101.8,272.3,898.7,947.8,4226.9,54102.0
230000000000,黑龙江省,2023,16470.7,3542.1,4205.4,8723.3,3651.3,3903.2,468.4,1395.1,1023.8,252.3,855.4,979.6,3941.7,53468.0
230000000000,黑龙江省,2022,16359.2,3635.3,4549.5,8174.4,3737.7,4156.7,490.3,1332.7,862.2,214.0,894.3,958.1,3713.2,52568.0
230000000000,黑龙江省,2021,15292.8,3463.9,4082.3,7746.6,3558.6,3734.9,474.5,1245.4,701.3,217.5,924.9,952.4,3483.4,48579.0
230000000000,黑龙江省,2020,14000.1,3445.1,3454.7,7100.3,3534.6,3113.0,430.4,1007.3,599.2,178.2,939.3,972.2,3226.0,43573.0
230000000000,黑龙江省,2019,13962.5,3183.2,3668.0,7111.3,3268.2,3355.1,433.3,1006.5,550.6,233.8,922.2,983.0,3209.9,42426.0
230000000000,黑龙江省,2018,13205.7,3001.2,3536.0,6668.6,3080.2,3266.7,409.4,946.3,511.0,213.7,946.6,936.6,2895.3,39268.0
230000000000,黑龙江省,2017,12659.5,2965.3,3519.5,6174.8,3036.9,3226.1,414.3,900.6,491.0,200.2,898.6,887.1,2604.7,36898.0
230000000000,黑龙江省,2016,12280.9,2751.2,3689.7,5839.9,2817.7,3367.3,429.5,876.0,465.7,186.6,864.6,895.2,2378.2,35128.0
310000000000,上海市,2025,,,,,,,,,,,,,,228434.0
310000000000,上海市,2024,53926.7,99.7,11637.6,42189.4,106.2,10910.9,893.5,6590.2,2003.0,513.2,8072.7,5584.2,19252.8,217140.0
310000000000,上海市,2023,51404.5,100.7,11542.9,39760.9,107.2,10853.5,833.6,6662.8,1721.9,526.7,7532.0,5733.6,17433.1,207193.0
310000000000,上海市,2022,48594.5,100.0,11386.4,37108.1,106.9,10772.7,741.1,6282.9,1701.5,388.2,7841.8,5479.3,15280.1,195788.0
310000000000,上海市,2021,47059.4,96.0,11425.4,35538.0,105.8,10767.0,770.4,6465.1,1776.0,478.1,7624.6,5464.3,13608.1,189107.0
310000000000,上海市,2020,41603.9,107.7,10356.7,31139.5,116.7,9740.2,714.1,5540.5,1387.6,388.1,6973.4,5097.6,11645.7,167454.0
310000000000,上海市,2019,40241.2,107.1,10317.1,29817.1,113.3,9683.4,725.3,5295.9,1548.2,483.6,6393.1,5039.9,10958.4,162394.0
310000000000,上海市,2018,37769.1,104.8,10360.8,27303.5,112.4,9763.5,685.7,4884.8,1623.1,451.6,5901.9,4881.2,9464.9,152880.0
310000000000,上海市,2017,34378.3,110.8,9525.9,24741.6,115.1,8977.4,634.4,4562.9,1387.3,430.3,5334.5,4270.0,8666.5,139381.0
310000000000,上海市,2016,30963.9,114.3,8570.2,22279.3,118.3,8045.5,595.6,4218.5,1259.6,400.1,4698.0,4127.9,7500.2,125742.0
320000000000,江苏省,2025,,,,,,,,,,,,,,167040.0
320000000000,江苏省,2024,137008.0,5245.2,59180.1,72582.8,5755.7,49333.0,10022.9,15607.7,5158.8,2378.8,9205.8,8426.5,31118.8,160694.0
320000000000,江苏省,2023,130924.3,5075.9,57329.8,68518.6,5541.5,47642.7,9806.5,14550.1,4897.7,2148.1,8565.3,8676.8,29095.5,153658.0
320000000000,江苏省,2022,124564.2,4963.9,55343.4,64256.9,5383.0,46527.1,8899.0,13707.7,4364.2,1872.8,8227.6,8714.5,26868.3,146374.0
320000000000,江苏省,2021,119853.2,4719.1,53575.8,61558.4,5076.1,45379.9,8264.4,13254.8,4369.1,1812.1,7953.1,9190.3,24553.4,141153.0
320000000000,江苏省,2020,104566.6,4537.6,45391.4,54637.6,4868.5,38173.3,7277.9,11307.2,3702.2,1583.1,7457.9,8613.4,21583.0,123411.0
320000000000,江苏省,2019,99836.9,4297.2,44281.4,51258.3,4611.9,37537.5,6794.5,10884.7,3316.4,1584.8,7084.1,7893.8,20129.3,118045.0
320000000000,江苏省,2018,93456.3,4141.7,42129.4,47185.2,4431.4,36113.2,6063.7,10139.3,2987.5,1413.4,6846.9,7349.5,18111.4,110802.0
320000000000,江苏省,2017,86512.9,4045.2,39124.1,43343.6,4314.5,33782.6,5386.0,9197.5,2764.0,1302.9,6215.7,7229.8,16320.0,102961.0
320000000000,江苏省,2016,78261.2,4039.8,35041.5,39180.0,4286.1,30291.4,4790.0,8447.9,2553.9,1203.2,5545.2,6420.6,14723.0,93748.0
330000000000,浙江省,2025,,,,,,,,,,,,,,141418.0
330000000000,浙江省,2024,90130.6,2586.4,34782.7,52761.4,2670.0,30071.6,4877.4,11865.5,2880.4,1721.1,7914.7,6526.9,21603.1,135565.0
330000000000,浙江省,2023,85619.6,2463.0,33586.1,49570.6,2541.4,28844.1,4851.2,10712.4,2684.4,1618.5,7123.5,6892.6,20351.5,129687.0
330000000000,浙江省,2022,80770.0,2185.2,32873.3,45711.5,2253.8,28326.2,4639.9,9863.1,2356.9,1369.4,6729.4,6574.9,18656.4,123153.0
330000000000,浙江省,2021,76765.3,2211.9,31370.7,43182.7,2278.1,26972.1,4471.7,8951.1,2358.2,1237.0,6167.1,6840.5,17489.5,118028.0
330000000000,浙江省,2020,67164.5,2166.3,26638.2,38360.0,2221.4,22754.4,3944.8,7720.8,1916.2,1010.2,5580.9,6567.6,15448.2,104593.0
330000000000,浙江省,2019,64632.0,2086.7,26643.3,35902.0,2135.9,22736.6,3963.2,7419.7,1968.2,1104.6,4909.7,6022.3,14371.8,102201.0
330000000000,浙江省,2018,59311.7,1975.9,25308.1,32027.7,2019.3,21621.2,3737.6,6853.0,1868.2,991.9,4506.3,5241.2,12473.0,95333.0
330000000000,浙江省,2017,53135.2,1933.9,23246.7,27954.6,1972.8,20038.7,3262.3,6323.6,1756.7,941.3,3770.6,4080.8,10988.4,86808.0
330000000000,浙江省,2016,48095.8,1890.4,21571.2,24634.1,1925.5,18661.5,2959.4,5828.6,1618.8,889.4,3229.7,3482.7,9500.3,79781.0
340000000000,安徽省,2025,,,,,,,,,,,,,,86832.0
340000000000,安徽省,2024,50625.2,3565.6,19607.5,27452.1,3820.9,14171.2,5509.3,5296.2,2917.2,1173.5,3050.4,2834.7,11851.8,82694.0
340000000000,安徽省,2023,48227.5,3494.8,18734.9,25997.8,3731.2,13493.1,5278.5,4888.4,2848.0,1088.0,2867.4,2927.6,11105.3,78752.0
340000000000,安徽省,2022,45525.1,3516.5,17697.0,24311.6,3729.9,12885.0,4848.0,4392.1,2534.3,910.6,2781.0,3119.7,10324.6,74387.0
340000000000,安徽省,2021,43102.8,3363.9,16925.5,22813.5,3548.7,12335.4,4626.4,4118.9,2319.5,872.6,2659.0,3290.4,9332.0,70556.0
340000000000,安徽省,2020,38628.8,3184.9,15286.7,20157.2,3353.7,11094.0,4220.0,3635.0,2097.0,705.0,2480.0,3170.0,7874.1,63341.0
340000000000,安徽省,2019,37584.8,2915.9,14895.9,19773.0,3069.2,11060.4,3860.0,3410.6,2106.0,755.0,2367.0,3165.0,7791.6,61776.0
340000000000,安徽省,2018,34377.3,2638.0,14094.4,17644.9,2776.0,10639.8,3476.8,3184.0,1883.0,688.2,2142.5,2968.3,6618.6,56667.0
340000000000,安徽省,2017,30141.8,2582.3,12681.2,14878.3,2707.3,9739.9,2961.7,2924.0,1605.4,614.7,1683.2,2297.0,5608.6,49862.0
340000000000,安徽省,2016,26801.2,2489.8,11517.5,12793.9,2603.7,8909.4,2626.7,2656.3,1475.0,552.8,1446.1,1942.6,4588.4,44505.0
350000000000,福建省,2025,,,,,,,,,,,,,,143623.0
350000000000,福建省,2024,57761.0,3287.7,24713.2,29760.2,3415.7,19185.8,5638.2,7768.5,1885.7,987.9,3258.7,2738.2,12882.3,137920.0
350000000000,福建省,2023,54801.7,3220.1,23502.8,28078.8,3343.8,18264.6,5304.4,7340.7,1734.2,903.1,3110.9,2941.2,11858.9,130932.0
350000000000,福建省,2022,52099.6,3077.5,22470.0,26552.1,3195.2,17495.2,5041.4,6699.6,1713.4,784.2,3258.6,3228.8,10683.2,124417.0
350000000000,福建省,2021,49602.6,2900.0,22434.5,24268.2,3008.6,17543.0,4963.2,5892.0,1629.2,739.2,3014.7,3288.8,9524.0,118837.0
350000000000,福建省,2020,43682.0,2730.8,19509.7,21441.6,2831.8,15063.7,4513.5,4856.4,1385.5,611.2,2949.0,3140.6,8330.3,105283.0
350000000000,福建省,2019,42479.1,2595.5,19578.6,20305.0,2691.1,15214.7,4431.8,4499.7,1429.5,669.6,2856.7,3167.5,7518.5,103092.0
350000000000,福建省,2018,39204.8,2379.0,18847.8,17978.0,2464.3,14781.0,4131.4,3891.9,1385.3,611.8,2581.1,2835.1,6523.0,95984.0
350000000000,福建省,2017,34432.2,2215.1,16290.0,15927.0,2294.4,12864.9,3481.2,3426.5,1317.9,557.7,2343.4,2647.9,5498.4,85218.0
350000000000,福建省,2016,30199.2,2145.1,14683.7,13370.4,2221.0,11712.0,3022.5,3043.4,1191.9,493.1,2082.4,2021.2,4411.7,75498.0
360000000000,江西省,2025,,,,,,,,,,,,,,80259.0
360000000000,江西省,2024,34202.5,2605.1,13688.5,17908.8,2760.5,11254.2,2453.5,3395.9,1412.7,736.1,2096.6,1910.6,8182.3,75862.0
360000000000,江西省,2023,32677.1,2436.4,13115.7,17125.0,2580.3,10695.6,2433.2,3206.9,1355.0,666.1,2051.0,2012.5,7676.7,72271.0
360000000000,江西省,2022,31568.1,2466.4,12832.9,16268.8,2596.6,10395.0,2456.6,2979.0,1262.1,575.8,2041.0,2169.5,7092.5,69802.0
360000000000,江西省,2021,29838.2,2334.0,12559.3,14945.0,2439.1,10237.2,2337.5,2643.9,1198.0,554.8,1977.7,2234.4,6215.6,66043.0
360000000000,江西省,2020,25825.4,2243.8,10631.7,12949.9,2328.1,8546.6,2095.0,2218.6,1015.1,422.8,1756.1,2122.0,5321.0,57167.0
360000000000,江西省,2019,24724.0,2057.7,10385.3,12281.0,2135.8,8355.3,2038.1,2127.8,1098.8,458.9,1571.3,2074.2,4863.6,54766.0
360000000000,江西省,2018,23016.9,1877.3,10081.2,11058.4,1947.9,8264.2,1823.4,1942.3,1031.8,408.4,1422.6,1946.7,4229.5,51013.0
360000000000,江西省,2017,20497.6,1835.3,9444.6,9217.8,1898.5,7969.6,1480.0,1695.0,903.6,386.1,1100.1,1496.6,3568.0,45515.0
360000000000,江西省,2016,18761.2,1794.1,8732.5,8234.6,1851.9,7349.3,1387.5,1397.7,828.2,373.3,1012.3,1308.0,3253.1,41780.0
370000000000,山东省,2025,,,,,,,,,,,,,,102567.0
370000000000,山东省,2024,98565.8,6616.9,39608.6,52340.3,7200.1,31934.9,7964.7,13953.4,4459.8,1692.2,4893.0,5182.6,21285.1,97575.0
370000000000,山东省,2023,94206.4,6500.6,38055.9,49649.9,7034.3,30586.7,7658.1,13022.1,4256.0,1518.4,4667.3,5456.1,20007.4,92878.0
370000000000,山东省,2022,89519.4,6296.2,36037.2,47186.0,6775.4,29170.1,7019.1,12184.6,4175.1,1294.4,4733.6,5297.0,18870.1,88053.0
370000000000,山东省,2021,84838.0,6026.9,34084.0,44727.1,6452.5,27637.5,6595.3,11608.5,3981.7,1292.1,4492.3,5366.1,17411.9,83440.0
370000000000,山东省,2020,74355.9,5364.4,29008.0,39983.5,5750.1,23268.5,5854.7,9860.4,3303.0,1077.1,4300.7,5087.9,15853.5,73362.0
370000000000,山东省,2019,72024.3,5116.9,28464.9,38442.5,5477.1,22924.8,5661.0,9588.1,3540.1,1178.7,4057.9,5092.3,14504.3,71371.0
370000000000,山东省,2018,67864.4,4950.5,27523.7,35390.2,5273.9,22613.0,5024.9,8747.1,3408.5,1040.7,3871.2,4906.9,12978.2,67493.0
370000000000,山东省,2017,63958.6,4832.7,26925.6,32200.3,5114.7,22515.8,4441.0,8057.0,3244.4,983.7,3570.6,4174.4,11856.9,63939.0
370000000000,山东省,2016,59702.6,4830.2,25565.0,29307.3,5072.3,21696.0,3909.4,7842.4,2683.8,868.2,3265.2,3796.0,10569.3,60187.0
410000000000,河南省,2025,,,,,,,,,,,,,,68240.0
410000000000,河南省,2024,63590.0,5491.4,24346.2,33752.4,6012.8,18555.8,5906.3,5393.2,3340.9,1264.9,3124.0,4103.4,15888.7,64888.0
410000000000,河南省,2023,60627.7,5353.0,23097.7,32177.0,5829.7,17609.8,5603.2,5100.7,3110.5,1224.5,3099.3,4291.3,14758.7,61592.0
410000000000,河南省,2022,58807.4,5731.0,22122.5,30953.9,6166.0,17128.2,5082.6,4789.1,3034.6,1130.8,3102.1,4109.1,14264.9,59537.0
410000000000,河南省,2021,57806.9,5626.1,22571.0,29609.7,5918.2,17353.6,5318.6,4666.3,2818.9,1193.7,3053.2,4277.8,13206.5,58320.0
410000000000,河南省,2020,54160.6,5354.0,21416.6,27390.0,5600.5,16538.5,4968.0,4242.4,2540.3,1079.9,2902.0,4121.5,12167.5,54592.0
410000000000,河南省,2019,53739.3,4635.7,22185.5,26918.2,4860.7,17278.9,4994.2,4094.0,2858.5,1185.9,2750.2,4101.7,11615.2,54378.0
410000000000,河南省,2018,50273.5,4311.1,21446.8,24515.5,4501.2,16729.1,4790.8,3697.9,2861.1,1037.9,2529.2,3848.3,10277.9,51057.0
410000000000,河南省,2017,44586.5,4139.3,20035.3,20411.9,4310.5,15836.4,4235.8,3227.4,2433.7,979.3,2130.5,3237.8,8195.1,45480.0
410000000000,河南省,2016,40167.7,4063.6,18140.6,17963.4,4217.4,14690.6,3503.8,2940.5,2230.4,843.9,1850.4,2912.8,6978.0,41242.0
420000000000,湖北省,2025,,,,,,,,,,,,,,107619.0
420000000000,湖北省,2024,60013.0,5462.2,21573.8,32977.0,5891.1,17609.0,4123.6,5154.3,3119.3,1611.8,2736.2,3759.1,16008.6,102832.0
420000000000,湖北省,2023,56794.3,5068.2,20750.3,30975.8,5452.1,16937.5,3909.4,4797.5,2847.1,1496.8,2679.6,3764.9,14909.3,97234.0
420000000000,湖北省,2022,53445.4,4981.9,19948.5,28515.0,5325.9,16416.4,3624.9,4220.9,2404.2,1287.1,2818.0,3899.4,13448.6,91563.0
420000000000,湖北省,2021,50093.3,4634.0,19241.3,26218.0,4925.7,15954.5,3375.4,3828.9,2257.5,1221.9,2922.7,3821.5,11785.3,86554.0
420000000000,湖北省,2020,43017.6,4133.2,16359.6,22524.7,4359.0,13551.5,2868.7,3151.9,1748.3,904.1,2864.4,3278.6,10291.2,73711.0
420000000000,湖北省,2019,45557.0,3809.4,18397.1,23350.6,4014.3,15376.0,3084.3,3467.2,2245.5,1256.7,2631.5,3766.3,9715.1,76928.0
420000000000,湖北省,2018,42425.5,3548.2,17573.9,21303.4,3734.3,14849.6,2781.4,3098.0,2046.4,1125.9,2554.0,3618.6,8617.3,71780.0
420000000000,湖北省,2017,37624.2,3529.0,15713.9,18381.4,3690.3,13431.6,2342.5,2819.3,1891.1,1022.2,2255.2,3089.6,7082.4,63829.0
420000000000,湖北省,2016,33767.6,3406.5,14527.0,15834.1,3527.9,12480.5,2109.2,2569.5,1665.8,913.6,1975.1,2563.7,5962.2,57550.0
430000000000,湖南省,2025,,,,,,,,,,,,,,84888.0
430000000000,湖南省,2024,53231.0,4899.7,19534.6,28796.7,5232.0,15607.2,4007.0,5789.7,2531.5,1266.2,2599.4,2809.6,13388.3,81225.0
430000000000,湖南省,2023,50667.5,4617.4,18639.2,27410.8,4924.1,14773.2,3895.3,5438.5,2394.8,1159.9,2473.6,2953.0,12655.2,76932.0
430000000000,湖南省,2022,47957.9,4601.2,17519.8,25836.8,4876.9,13717.5,3817.1,5067.1,2070.5,1014.6,2406.0,3031.5,11956.7,72521.0
430000000000,湖南省,2021,45751.9,4322.3,17325.9,24103.7,4563.7,13602.6,3737.5,4720.6,1893.8,970.6,2255.4,2957.6,11050.0,68971.0
430000000000,湖南省,2020,41693.7,4240.7,15577.3,21875.6,4462.0,12127.4,3463.1,4154.2,1626.5,820.5,2096.2,2960.8,9983.1,62768.0
430000000000,湖南省,2019,39930.7,3647.2,14974.8,21308.8,3850.5,11601.7,3384.7,4043.9,1648.3,931.9,1928.5,2940.4,9600.9,60159.0
430000000000,湖南省,2018,36629.3,3084.2,13904.1,19641.0,3266.5,10785.6,3128.3,3705.4,1529.2,835.6,1809.8,2764.7,8804.0,55215.0
430000000000,湖南省,2017,34127.7,2998.4,13459.8,17669.5,3165.3,10709.8,2760.2,3423.2,1452.7,774.3,1701.8,2371.6,7768.8,51482.0
430000000000,湖南省,2016,31225.0,2915.6,12942.0,15367.4,3063.1,10540.1,2411.7,3141.5,1320.3,726.7,1340.1,2065.1,6616.5,47168.0
440000000000,广东省,2025,,,,,,,,,,,,,,113769.0
440000000000,广东省,2024,141633.8,5837.0,54365.5,81431.3,6079.7,47601.6,7010.2,13472.4,5106.1,2418.2,12390.0,10455.9,37099.8,111146.0
440000000000,广东省,2023,137905.4,5555.2,52679.5,79670.7,5769.2,46177.6,6675.6,13328.2,4904.2,2292.6,12018.7,11151.1,35588.4,108745.0
440000000000,广东省,2022,132547.1,5350.0,51341.4,75855.7,5541.7,45547.5,5956.4,12571.5,4410.5,1958.6,11685.7,12107.0,32768.3,104611.0
440000000000,广东省,2021,127577.4,4985.1,49977.2,72615.1,5153.7,44513.3,5602.2,12151.0,4079.0,1979.8,11115.6,12627.2,30355.6,100820.0
440000000000,广东省,2020,113708.9,4732.7,43756.4,65219.7,4880.8,39004.8,4864.1,10766.5,3361.4,1609.6,10122.8,12155.7,26943.3,90558.0
440000000000,广东省,2019,110468.1,4350.6,43528.6,62588.8,4478.3,39222.0,4415.0,11005.3,3614.2,1930.5,8751.2,11453.5,25598.0,88954.0
440000000000,广东省,2018,101875.9,3836.4,41398.5,56641.1,3948.9,37651.1,3849.8,10476.0,3386.3,1749.4,7962.3,10107.5,22744.8,83201.0
440000000000,广东省,2017,93004.8,3611.4,38536.6,50856.7,3712.7,35344.0,3289.3,9642.1,3187.7,1654.3,7311.2,9243.0,19620.5,77346.0
440000000000,广东省,2016,83493.4,3500.5,35499.2,44493.7,3593.6,32677.9,2909.5,8924.7,2896.1,1575.9,6570.0,7688.9,16656.8,70799.0
450000000000,广西壮族自治区,2025,,,,,,,,,,,,,,59443.0
450000000000,广西壮族自治区,2024,28649.4,4751.5,9301.0,14596.9,4906.6,7780.2,1538.8,2612.9,1115.4,457.3,1524.5,1923.7,6790.0,57071.0
450000000000,广西壮族自治区,2023,27501.7,4466.8,8979.8,14055.1,4615.3,7434.6,1558.5,2452.2,1075.3,435.1,1487.4,1979.4,6463.8,54599.0
450000000000,广西壮族自治区,2022,26419.7,4270.4,8867.3,13282.0,4407.2,7142.3,1740.6,2277.4,1003.3,372.5,1492.9,1867.8,6115.5,52399.0
450000000000,广西壮族自治区,2021,25311.5,4051.8,8523.3,12736.5,4176.0,6747.7,1789.9,2148.3,998.5,376.6,1475.0,1925.1,5674.4,50341.0
450000000000,广西壮族自治区,2020,22250.7,3645.9,7067.6,11537.2,3757.3,5369.2,1711.6,1872.2,850.3,319.7,1438.1,1911.8,5020.3,44497.0
450000000000,广西壮族自治区,2019,21341.5,3389.7,6870.3,11081.5,3493.9,5218.0,1666.8,1778.1,880.6,375.7,1399.4,1970.7,4558.3,42988.0
450000000000,广西壮族自治区,2018,19951.7,3021.1,6692.9,10237.8,3116.4,5101.9,1606.6,1607.6,873.8,342.7,1366.8,1883.1,4052.9,40495.0
450000000000,广西壮族自治区,2017,18071.7,2878.3,6138.3,9055.1,2964.7,4680.1,1466.0,1485.8,810.7,322.7,1242.1,1582.2,3517.4,37017.0
450000000000,广西壮族自治区,2016,16417.2,2800.3,5621.0,7996.0,2877.0,4307.3,1315.0,1351.0,742.7,301.1,1110.7,1367.5,3044.9,33962.0
460000000000,海南省,2025,,,,,,,,,,,,,,77117.0
460000000000,海南省,2024,7935.7,1627.6,1497.9,4810.1,1695.8,924.3,587.7,864.4,330.4,196.1,519.2,864.7,1953.2,75903.0
460000000000,海南省,2023,7590.2,1506.9,1403.4,4679.9,1569.5,880.0,530.4,860.7,290.7,201.0,498.2,876.5,1883.4,73335.0
460000000000,海南省,2022,6912.8,1417.8,1281.4,4213.6,1472.4,769.1,519.6,831.7,257.2,176.1,482.5,675.0,1729.1,67541.0
460000000000,海南省,2021,6508.9,1254.5,1233.1,4021.2,1301.3,708.9,530.9,820.0,258.8,219.4,445.5,694.7,1529.5,64063.0
460000000000,海南省,2020,5640.8,1136.0,1074.6,3430.2,1178.4,571.8,507.4,591.0,218.1,195.2,409.4,620.8,1348.7,56211.0
460000000000,海南省,2019,5442.1,1079.0,1095.6,3267.6,1118.0,609.0,491.1,509.8,240.5,252.1,389.9,613.7,1218.1,55054.0
460000000000,海南省,2018,5004.2,986.0,1053.1,2965.1,1020.2,582.0,475.2,464.2,225.4,252.4,380.1,549.5,1055.1,51220.0
460000000000,海南省,2017,4552.9,962.8,996.4,2593.7,993.3,528.3,470.0,466.7,214.9,221.4,328.9,481.7,847.7,47205.0
460000000000,海南省,2016,4151.0,924.7,904.0,2322.3,951.6,482.5,422.5,442.8,189.7,202.0,296.9,403.9,759.1,43648.0
500000000000,重庆市,2025,,,,,,,,,,,,,,105874.0
500000000000,重庆市,2024,32193.2,2135.8,11690.7,18366.7,2192.1,8912.0,2804.4,3661.0,1379.6,794.7,2238.0,1643.3,8568.1,100903.0
500000000000,重庆市,2023,30614.3,2033.7,11199.1,17381.6,2085.6,8440.5,2777.8,3346.4,1345.4,740.9,2117.8,1781.8,7978.0,95610.0
500000000000,重庆市,2022,28771.8,2012.6,10477.4,16281.8,2060.1,7942.2,2556.2,3058.2,1234.6,638.6,2188.6,1722.2,7371.3,89562.0
500000000000,重庆市,2021,28092.5,1922.3,10679.5,15490.7,1964.2,7894.4,2805.3,2838.4,1194.6,620.1,2187.2,1767.9,6820.5,87502.0
500000000000,重庆市,2020,25158.1,1803.5,9646.0,13708.5,1837.0,6980.8,2682.5,2416.0,1008.4,500.7,2090.7,1667.9,5974.1,78656.0
500000000000,重庆市,2019,23689.6,1551.6,9059.8,13078.2,1581.3,6467.1,2592.7,2231.3,1011.5,518.1,2019.2,1728.9,5539.5,74601.0
500000000000,重庆市,2018,21866.8,1378.7,8842.2,11645.9,1405.4,6268.1,2574.1,2024.6,905.9,458.3,1876.0,1548.2,4806.2,69341.0
500000000000,重庆市,2017,20260.8,1276.1,8455.0,10529.7,1300.3,6202.4,2252.6,1955.1,833.7,426.0,1737.6,1415.9,4137.2,64793.0
500000000000,重庆市,2016,18271.1,1237.0,7765.4,9268.8,1258.4,5896.2,1869.2,1703.4,782.4,392.0,1594.0,1269.4,3506.2,59130.0
510000000000,四川省,2025,,,,,,,,,,,,,,81124.0
510000000000,四川省,2024,64697.0,5619.9,22816.9,36260.2,5808.6,17884.0,5156.8,6380.5,2612.4,1501.4,3922.1,3681.1,17750.1,77333.0
510000000000,四川省,2023,61353.4,5455.6,21879.1,34018.7,5630.5,17147.6,4907.6,5975.3,2558.1,1382.0,3784.4,3940.4,16027.4,73293.0
510000000000,四川省,2022,57609.4,5965.5,20314.0,31330.0,6137.4,16135.3,4300.5,5459.3,2062.7,1196.6,3717.7,4037.0,14562.9,68804.0
510000000000,四川省,2021,55131.3,5662.8,20016.5,29452.0,5820.9,15750.7,4416.2,5078.5,1804.4,1231.6,3517.6,3945.3,13566.0,65856.0
510000000000,四川省,2020,49445.1,5556.9,17594.8,26293.4,5701.2,13579.4,4141.9,4388.7,1513.5,996.4,3302.7,3781.8,12039.6,59138.0
510000000000,四川省,2019,47168.6,4807.5,17202.7,25158.5,4938.0,13278.1,4045.1,4286.2,1552.2,1168.7,3087.0,3744.5,11068.8,56584.0
510000000000,四川省,2018,43539.0,4427.4,16056.9,23054.7,4544.3,12360.1,3809.8,3835.5,1411.7,1043.2,2922.4,3561.3,10050.7,52425.0
510000000000,四川省,2017,38517.1,4262.5,14569.2,19685.4,4365.3,11437.8,3235.9,3432.3,1214.2,934.0,2720.8,3064.6,8112.2,46574.0
510000000000,四川省,2016,33879.2,3900.6,13450.1,16528.5,3991.9,10790.9,2757.8,2760.3,1126.3,852.9,2312.7,2503.6,6782.9,41198.0
520000000000,贵州省,2025,,,,,,,,,,,,,,61066.0
520000000000,贵州省,2024,22667.1,2971.7,7097.6,12597.9,3139.1,5692.7,1414.9,2384.5,907.2,541.2,1532.8,1168.7,5886.0,58685.0
520000000000,贵州省,2023,21513.7,2883.3,6638.5,11991.8,3044.8,5286.4,1361.3,2253.6,826.2,494.6,1500.3,1184.8,5561.8,55728.0
520000000000,贵州省,2022,20579.5,2862.2,6360.7,11356.7,3015.9,4948.6,1420.0,1987.1,770.8,445.7,1534.3,1183.2,5273.9,53398.0
520000000000,贵州省,2021,19921.3,2730.5,6351.8,10839.1,2879.1,4898.8,1458.9,1845.7,775.9,472.0,1296.7,1229.5,5064.6,51677.0
520000000000,贵州省,2020,18308.3,2539.9,5881.1,9887.2,2675.6,4399.2,1486.9,1549.5,686.0,384.2,1232.8,1178.1,4715.8,47517.0
520000000000,贵州省,2019,17251.8,2280.5,5836.6,9134.6,2408.0,4392.5,1448.8,1338.9,700.8,419.7,986.9,1129.8,4426.4,44985.0
520000000000,贵州省,2018,15886.6,2156.0,5506.2,8224.3,2273.0,4165.5,1344.9,1181.2,660.0,378.4,992.3,1005.6,3885.8,41670.0
520000000000,贵州省,2017,14067.3,2032.3,4970.9,7064.2,2140.0,3821.4,1152.6,1040.1,580.2,337.2,874.5,867.8,3253.4,37210.0
520000000000,贵州省,2016,12133.9,1861.8,4468.7,5803.4,1959.9,3501.7,970.0,893.7,506.7,292.6,736.1,679.3,2593.9,32505.0
530000000000,云南省,2025,,,,,,,,,,,,,,70472.0
530000000000,云南省,2024,31534.1,4192.9,10330.0,17011.1,4280.1,7453.9,2896.0,3586.5,1395.8,890.5,1532.3,1805.8,7693.1,67612.0
530000000000,云南省,2023,30595.8,4191.4,10021.4,16383.0,4274.1,7163.8,2872.5,3376.2,1319.0,824.9,1460.9,1855.4,7449.0,65334.0
530000000000,云南省,2022,29301.1,4001.9,9985.8,15313.4,4079.9,6934.3,3060.0,3107.6,1149.7,696.1,1497.1,1955.3,6821.1,62456.0
530000000000,云南省,2021,27895.3,3832.3,9535.2,14527.8,3904.4,6593.6,2949.4,2879.6,1104.2,620.2,1468.2,1981.4,6394.3,59276.0
530000000000,云南省,2020,25214.5,3611.8,8427.8,13175.0,3674.5,5630.1,2803.3,2494.9,967.0,505.7,1418.5,1929.5,5791.1,53443.0
530000000000,云南省,2019,23902.1,3037.7,8152.1,12712.3,3096.2,5462.8,2694.3,2397.1,1055.8,589.7,1370.8,1810.9,5424.5,50764.0
530000000000,云南省,2018,21427.5,2498.7,7267.5,11661.3,2552.6,4911.7,2360.0,2187.3,1049.4,539.2,1312.6,1696.6,4818.0,45610.0
530000000000,云南省,2017,18864.6,2338.4,6317.8,10208.5,2388.6,4347.8,1973.7,1941.1,894.7,486.4,1245.7,1272.8,4313.9,40266.0
530000000000,云南省,2016,16773.6,2225.5,5747.4,8800.7,2272.6,4087.5,1663.4,1732.5,745.3,435.4,1121.3,1132.8,3582.9,35918.0
540000000000,西藏自治区,2025,,,,,,,,,,,,,,81502.0
540000000000,西藏自治区,2024,2764.9,247.5,1016.1,1501.4,252.9,413.1,603.4,161.7,80.7,38.8,266.8,106.7,840.8,75237.0
540000000000,西藏自治区,2023,2532.9,218.7,858.7,1455.5,223.7,332.9,526.0,156.1,76.0,40.5,244.1,108.4,825.0,69489.0
540000000000,西藏自治区,2022,2235.4,186.2,770.2,1279.0,191.0,266.8,503.6,125.0,53.5,32.0,227.8,92.9,742.9,61244.0
540000000000,西藏自治区,2021,2145.1,164.1,748.4,1232.5,168.6,226.3,522.3,129.6,53.9,39.5,213.7,102.9,688.3,58609.0
540000000000,西藏自治区,2020,1956.5,150.3,708.0,1098.2,154.4,179.1,529.2,109.4,48.2,36.4,186.5,99.9,613.5,53825.0
540000000000,西藏自治区,2019,1750.3,138.2,638.8,973.4,142.1,141.0,497.8,109.0,50.1,44.4,124.2,70.2,571.5,48961.0
540000000000,西藏自治区,2018,1583.5,128.3,582.7,872.4,132.2,127.0,455.8,95.5,48.0,39.5,118.6,73.9,493.1,45049.0
540000000000,西藏自治区,2017,1381.0,118.2,469.6,793.2,121.5,110.1,359.6,87.8,42.3,34.9,108.2,63.3,453.4,40086.0
540000000000,西藏自治区,2016,1197.4,110.5,390.4,696.4,113.6,91.6,298.8,80.5,37.9,32.4,90.4,56.0,396.2,35743.0
610000000000,陕西省,2025,,,,,,,,,,,,,,92663.0
610000000000,陕西省,2024,35538.8,2622.0,14519.0,18397.8,2786.2,12207.7,2553.7,2878.4,1527.6,629.3,2151.4,2073.7,8730.9,89915.0
610000000000,陕西省,2023,33976.5,2649.1,13937.3,17390.1,2799.5,11699.1,2456.3,2764.4,1442.9,602.9,2043.8,2106.8,8060.7,85929.0
610000000000,陕西省,2022,33035.6,2574.9,14264.7,16196.0,2712.7,11992.6,2458.4,2561.7,1310.2,492.1,2008.2,2085.8,7414.0,83529.0
610000000000,陕西省,2021,30476.6,2409.5,12963.3,15103.7,2533.7,10739.9,2413.8,2334.1,1265.5,472.1,1903.7,2045.4,6768.4,77068.0
610000000000,陕西省,2020,26297.0,2267.7,10721.1,13308.2,2381.8,8389.6,2451.0,2019.2,1142.8,395.1,1769.8,1696.2,6051.4,66583.0
610000000000,陕西省,2019,26214.5,1991.1,11590.2,12633.2,2098.2,9311.7,2401.0,1960.2,1112.5,452.0,1648.3,1668.2,5562.4,66577.0
610000000000,陕西省,2018,24354.8,1830.2,11215.3,11309.4,1927.8,9088.1,2233.0,1734.5,1040.2,393.0,1580.3,1498.6,4859.4,62169.0
610000000000,陕西省,2017,21776.1,1741.1,10114.1,9921.0,1830.6,8232.9,1959.0,1606.7,965.8,367.8,1435.9,1231.2,4146.1,55994.0
610000000000,陕西省,2016,19354.6,1696.1,8906.5,8752.0,1778.9,7226.9,1732.8,1473.2,885.3,346.2,1295.1,1105.2,3511.1,50142.0
620000000000,甘肃省,2025,,,,,,,,,,,,,,55897.0
620000000000,甘肃省,2024,13002.9,1621.7,4436.4,6944.8,1676.7,3503.7,953.3,921.7,695.5,224.5,964.9,762.5,3300.0,52825.0
620000000000,甘肃省,2023,12345.7,1636.6,4148.6,6560.4,1687.4,3244.7,924.0,868.1,639.7,205.7,928.0,768.5,3079.6,49811.0
620000000000,甘肃省,2022,11553.6,1499.7,3981.5,6072.4,1545.7,3157.5,835.5,812.3,530.8,164.2,917.6,735.3,2854.6,46381.0
620000000000,甘肃省,2021,10608.0,1364.8,3531.6,5711.6,1406.8,2789.6,753.9,771.6,454.7,172.9,878.8,737.8,2641.9,42508.0
620000000000,甘肃省,2020,9323.1,1188.1,2891.9,5243.1,1227.3,2255.0,646.7,666.3,400.3,144.4,848.2,705.8,2429.2,37218.0
620000000000,甘肃省,2019,9053.3,1059.3,2914.2,5079.8,1097.2,2327.7,597.5,647.0,432.6,162.2,848.1,683.7,2257.5,36040.0
620000000000,甘肃省,2018,8364.7,926.1,2761.6,4677.0,962.3,2253.4,518.2,587.6,408.5,143.0,774.5,645.9,2071.4,33213.0
620000000000,甘肃省,2017,7642.6,859.7,2515.7,4267.1,896.0,2020.5,504.6,540.6,379.5,138.7,718.0,654.1,1790.6,30316.0
620000000000,甘肃省,2016,7207.1,800.7,2483.5,3922.9,834.5,1995.5,498.3,516.6,344.9,133.3,646.3,623.8,1614.0,28583.0
630000000000,青海省,2025,,,,,,,,,,,,,,69567.0
630000000000,青海省,2024,3950.8,359.1,1662.4,1929.3,360.5,1351.5,318.4,170.1,177.7,40.9,283.8,197.8,1050.0,66568.0
630000000000,青海省,2023,3849.2,387.3,1636.5,1825.4,388.7,1341.1,301.9,170.7,169.3,41.2,280.4,201.5,954.4,64747.0
630000000000,青海省,2022,3677.4,382.6,1618.7,1676.1,383.9,1304.6,314.0,169.5,137.4,33.6,278.8,184.3,871.3,61857.0
630000000000,青海省,2021,3446.3,357.1,1389.7,1699.5,358.4,1022.4,367.3,193.9,128.1,44.5,282.7,177.0,872.0,58067.0
630000000000,青海省,2020,3080.6,341.1,1157.5,1582.0,342.3,817.3,340.2,167.7,106.2,40.7,265.9,188.6,811.6,52081.0
630000000000,青海省,2019,3020.2,304.8,1172.0,1543.4,306.0,839.9,332.0,161.4,116.9,50.7,261.7,177.1,774.4,51321.0
630000000000,青海省,2018,2799.9,270.9,1093.7,1435.3,272.0,777.5,316.2,150.9,123.9,47.5,259.5,154.3,698.1,47739.0
630000000000,青海省,2017,2517.0,241.0,975.7,1300.3,242.0,683.2,292.5,145.0,119.0,45.4,258.9,143.5,587.5,43099.0
630000000000,青海省,2016,2310.7,223.7,867.7,1219.3,224.7,597.4,270.3,141.2,108.0,43.6,232.6,133.6,559.3,39874.0
640000000000,宁夏回族自治区,2025,,,,,,,,,,,,,,77981.0
640000000000,宁夏回族自治区,2024,5502.8,451.2,2335.4,2716.2,475.3,2022.7,317.6,331.3,227.1,77.0,393.7,265.6,1392.5,75484.0
640000000000,宁夏回族自治区,2023,5368.8,428.0,2329.0,2611.7,451.1,2022.1,310.5,312.8,219.9,72.9,366.1,286.2,1327.2,73696.0
640000000000,宁夏回族自治区,2022,5168.1,407.5,2318.6,2441.9,428.6,1998.4,323.0,283.7,198.7,61.8,337.7,270.0,1266.1,71137.0
640000000000,宁夏回族自治区,2021,4666.5,364.6,2036.6,2265.3,383.9,1720.7,318.5,252.9,188.5,60.2,320.2,251.3,1170.2,64543.0
640000000000,宁夏回族自治区,2020,4036.2,338.1,1604.8,2093.3,356.3,1293.9,312.7,218.3,171.7,52.1,306.0,237.0,1088.2,56136.0
640000000000,宁夏回族自治区,2019,3841.5,280.0,1588.0,1973.6,297.7,1275.2,314.4,215.2,172.5,55.9,293.2,217.4,1000.0,53841.0
640000000000,宁夏回族自治区,2018,3580.6,279.4,1488.1,1813.1,296.1,1191.0,298.5,190.2,171.3,49.4,285.9,187.2,911.1,50610.0
640000000000,宁夏回族自治区,2017,3271.6,250.6,1406.0,1615.0,266.3,1129.2,278.1,173.5,184.1,45.6,266.0,178.6,750.1,46737.0
640000000000,宁夏回族自治区,2016,2853.3,241.0,1179.7,1432.6,255.7,925.4,255.4,154.0,188.7,43.0,239.8,161.0,630.3,41382.0
650000000000,新疆维吾尔自治区,2025,,,,,,,,,,,,,,81574.0
650000000000,新疆维吾尔自治区,2024,20534.1,2572.0,8135.9,9826.2,2752.4,6785.5,1474.1,970.7,1167.6,190.8,1033.4,910.0,5249.6,78660.0
650000000000,新疆维吾尔自治区,2023,19603.3,2739.6,7559.7,9304.0,2906.9,6337.9,1342.4,961.3,1120.3,180.2,1022.8,927.8,4803.6,75616.0
650000000000,新疆维吾尔自治区,2022,18550.5,2653.8,7312.7,8584.0,2801.8,6137.6,1270.4,860.3,937.1,141.1,1053.4,899.4,4449.3,71679.0
650000000000,新疆维吾尔自治区,2021,16791.5,2358.7,6281.3,8151.5,2489.6,5037.0,1332.9,841.0,746.1,165.5,1035.1,870.7,4273.5,64845.0
650000000000,新疆维吾尔自治区,2020,14262.2,1981.3,4798.5,7482.4,2098.2,3684.6,1185.4,710.9,613.2,137.3,1006.3,844.1,3982.2,55398.0
650000000000,新疆维吾尔自治区,2019,14024.9,1781.7,4824.9,7418.3,1888.4,3855.0,1056.9,784.7,765.6,184.1,982.1,777.0,3731.2,55227.0
650000000000,新疆维吾尔自治区,2018,13110.1,1692.1,4657.2,6760.9,1791.0,3758.5,987.8,742.6,733.5,168.9,967.3,700.7,3259.8,52441.0
650000000000,新疆维吾尔自治区,2017,11460.8,1551.8,4096.2,5812.8,1640.3,3266.1,913.2,704.7,556.7,159.0,858.1,676.3,2686.6,46703.0
650000000000,新疆维吾尔自治区,2016,9913.9,1473.2,3446.1,4994.6,1554.0,2686.8,840.1,588.3,463.5,142.8,748.2,628.1,2262.0,41196.0
