province,year,gdp_100m,ind2_100m,ind3_100m,population_10k,urban_pop_10k,rural_pop_10k,broadband_users,mobile_internet_users,co2_total,coal_emissions,coal_share,software_revenue,digital_core_industry_share,co2_approx,green_certificate_volume,charging_infrastructure,express_delivery_revenue,high_tech_industry_share,optical_cable_length,aqi_good_rate,electricity_market_volume,green_power_trade_volume,iot_terminal_users,5g_base_stations,renewable_installation_share,pgdp,pgdp_ln,urban_rate,ind2_share,carbon_intensity,carbon_intensity_ln,co2_total_ln,carbon_per_capita,carbon_per_capita_ln,energy_digital_index,energy_digital_index_100,energy_digital_index_pca,energy_digital_index_pca_100
北京,2016.0,28438.7,4665.8,23643.2,2195.0,1904.0,291.0,475.8,3594.04,74.94444947387,15.400543086536663,0.2054927775792948,0.0,,,,,,0.0,0.0,,,,0.0,0.0,,129561.2756264237,11.771909219072112,0.8674259681093394,0.1640651647227194,0.0026352980084838615,-5.9387590071848955,4.316747165420306,3.4143257163494303,1.227980025899126,0.0028536187716097132,0.28536187716097133,0.15451246439242858,15.451246439242858
北京,2017.0,31325.9,5049.4,26154.6,2194.0,1907.0,287.0,541.9,4639.72,70.05599553469,8.945926805969998,0.12769680507273923,0.0,,,,,,0.0,0.0,,,,0.0,0.0,,142779.85414767548,11.869059241538038,0.8691886964448496,0.16118930341985385,0.002236360185491558,-6.102905651916261,4.24929485848077,3.193071811061531,1.1609834036336855,0.0036661555324454956,0.3666155532445496,0.19971746724261744,19.971746724261745
北京,2018.0,35161.4,5477.4,29563.5,2192.0,1909.0,283.0,638.8,3291.13,71.87771256533334,4.053992433333333,0.05640124440032021,0.0,,,,,,0.0,0.0,,,,0.0,0.0,,160407.84671532846,11.985474892889647,0.8708941605839416,0.15577878013958488,0.002044222146027557,-6.192737930536573,4.274966238444797,3.2790927265206813,1.1875667763649826,0.0030298532534394473,0.30298532534394473,0.1599314122126466,15.99314122126466
北京,2019.0,37767.0,5812.9,31839.7,2190.0,1913.0,277.0,688.1,3289.2,71.6408603222222,2.6901588999999992,0.037550622478573756,0.0,,,,,,0.0,0.0,,,,0.0,0.0,,172452.05479452055,12.057874533600005,0.8735159817351598,0.15408262559325892,0.0018969168936431857,-6.267525398349389,4.271665586084979,3.271272160832064,1.1851789492625244,0.003140034899008571,0.3140034899008571,0.16487131965968296,16.487131965968295
北京,2020.0,38503.6,5899.8,32495.5,2189.0,1916.0,273.0,747.3,3272.85,66.06906452222222,2.1816689179999997,0.032333267848369714,0.0,,,,,,0.0,0.0,,,,0.0,0.0,,175895.84285061673,12.077647296851243,0.8752855185015989,0.15408262559325892,0.0017322089454692394,-6.358781105615474,4.190700627052836,3.019435056226523,1.105068943703744,0.0032634429402115047,0.32634429402115045,0.17028674985983835,17.028674985983834
北京,2021.0,44350.7,7732.2,36507.1,2189.0,1916.0,273.0,806.3,3379.41,66.98811636666666,2.1816689179999997,0.032333267848369714,0.0,,,,,,0.0,0.0,,,,0.0,0.0,,195686.94239299378,12.184213700269073,0.8752855185015989,0.1743422313514781,0.0017322089454692394,-6.358781105615474,4.20451523599777,3.060215457590985,1.1184853244629989,0.0034643482089614275,0.34643482089614275,0.18020558086173438,18.020558086173438
北京,2022.0,45222.4,6960.4,38150.6,2184.0,1913.0,271.0,877.3,3246.36,67.8022344,2.1816689179999997,0.032333267848369714,0.0,,,,,,0.0,0.0,,,,0.0,0.0,,195686.94239299378,12.184213700269073,0.8759157509157509,0.15408262559325892,0.0017322089454692394,-6.358781105615474,4.216595150155533,3.104497912087912,1.132851999278829,0.0035404104804218142,0.3540410480421814,0.1825252157172032,18.25252157172032
天津,2016.0,11487.0,4368.0,6950.6,1443.0,1202.0,241.0,283.9,1125.42,130.35225232666667,68.32144513333333,0.5241293795378213,0.0,,,,,,0.0,0.0,,,,0.0,0.0,,79604.9896049896,11.284832053347715,0.832986832986833,0.3802559414990859,0.01134780641826993,-4.478730820846002,4.870240419299402,9.03342011965812,2.2009310465136225,0.0008543809754871982,0.08543809754871982,0.04414930630187666,4.4149306301876665
天津,2017.0,12468.2,4564.1,7735.2,1410.0,1178.0,232.0,339.3,1309.56,132.14512346,63.52715710000001,0.48073780883204154,0.0,,,,,,0.0,0.0,,,,0.0,0.0,,88426.95035460993,11.389932070427667,0.8354609929078014,0.3660592547440689,0.010598572645610434,-4.547035943005546,4.883900738818152,9.371994571631205,2.237725941434029,0.001096352164852821,0.1096352164852821,0.05655757546632708,5.655757546632708
天津,2018.0,13411.1,4835.3,8400.5,1383.0,1161.0,222.0,437.9,1352.46,138.35697357750334,62.705517599999986,0.45321544681572756,0.0,,,,,,0.0,0.0,,,,0.0,0.0,,96971.0773680405,11.48216804156007,0.8394793926247288,0.3605446234835323,0.01031660144041155,-4.57400089095531,4.929837110293336,10.004119564533864,2.3029969646166695,0.0013463705169025164,0.13463705169025164,0.06815840228579237,6.815840228579237
天津,2019.0,14097.2,5016.9,8894.9,1385.0,1168.0,217.0,523.6,1450.71,137.71733584444442,60.335338799999995,0.43810997671455426,0.0,,,,,,0.0,0.0,,,,0.0,0.0,,101784.83754512636,11.53061642844079,0.8433212996389892,0.3558791816814686,0.009769126907786257,-4.6285281815280435,4.9252032935580035,9.943489952667468,2.2969180609246567,0.0016023409163289286,0.16023409163289287,0.08048521841794752,8.048521841794752
天津,2020.0,14230.8,4966.6,9053.8,1387.0,1175.0,212.45,534.6,1488.82,128.49268755555556,59.36133573333333,0.46198220974767645,0.0,,,,,,0.0,0.0,,,,0.0,0.0,,102601.29776496034,11.5386058604201,0.8471521268925739,0.34900356972201146,0.00902919635969556,-4.70729191222514,4.855871996533609,9.2640726427942,2.226143762206869,0.0016513674150548528,0.1651367415054853,0.08300592519318385,8.300592519318386
天津,2021.0,16093.2,5780.5,10046.8,1373.0,1165.0,212.45,584.5,1536.83,141.0076325111111,60.314756333333335,0.4277410751406004,0.0,,,,,,0.0,0.0,,,,0.0,0.0,,117211.94464675892,11.671739067713107,0.8485069191551348,0.35918897422513857,0.008761938738790985,-4.737338081307295,4.948814020197599,10.270038784494618,2.3292308004177196,0.0017945767182694938,0.17945767182694938,0.08984487024364031,8.98448702436403
天津,2022.0,16588.5,6092.7,10222.7,1363.0,1160.0,212.45,631.1,1572.08,138.37230911111112,58.11389906666667,0.41998214411527945,0.0,,,,,,0.0,0.0,,,,0.0,0.0,,121705.79603815114,11.709361903463174,0.851063829787234,0.36728456460801157,0.00834145999403871,-4.7865170186953065,4.929947944488218,10.152040286948726,2.3176746987797765,0.0019222364921865137,0.19222364921865137,0.09587876273917777,9.587876273917777
河北,2016.0,28879.7,12332.3,13464.9,7375.0,3973.0,3402.0,1612.0,5518.33,614.5694730466668,517.8056264333334,0.8425501902435273,0.0,,,,,,0.0,0.0,,,,0.0,0.0,,39158.91525423729,10.575383395909336,0.5387118644067797,0.42702313389682023,0.021280327463466267,-3.849972226306309,6.4209219788348655,8.333145397242939,2.120240983614936,0.006641525380290491,0.664152538029049,0.3408218055476349,34.08218055476349
河北,2017.0,31065.5,12778.0,15157.5,7409.0,4130.0,3279.0,1910.1,6211.8,541.9030583118732,447.7800573709466,0.8263102606688788,0.0,,,,,,0.0,0.0,,,,0.0,0.0,,41929.41017681199,10.643742773211875,0.5574301525172088,0.4113244596095347,0.01744388657230282,-4.048766031413103,6.295087126239245,7.314118751678677,1.9898065558106799,0.007754953410798874,0.7754953410798874,0.39664454432726526,39.66445443272653
河北,2018.0,32947.0,12904.1,16704.3,7426.0,4257.0,3169.0,2159.8,6505.32,595.2894520333334,487.3043065,0.8186006065377306,0.0,,,,,,0.0,0.0,,,,0.0,0.0,,44367.08860759494,10.700253225983806,0.5732561271209264,0.391662366831578,0.018068092756042535,-4.013607727483534,6.389047761261115,8.016286722775833,2.0814753125121808,0.008505362400855487,0.8505362400855486,0.4328275728710647,43.28275728710647
河北,2019.0,35623.5,13600.9,18504.2,7447.0,4377.0,3070.0,2359.7,6915.15,593.4303496666666,463.2595616,0.7806468979219139,0.0,,,,,,0.0,0.0,,,,0.0,0.0,,47836.04135893648,10.77553463768688,0.5877534577682288,0.3817957247322694,0.01665839543185444,-4.094840959495577,6.385919851925765,7.968716928517075,2.075523492203211,0.009216999345978754,0.9216999345978755,0.4682296537277696,46.822965372776956
河北,2020.0,36821.5,13938.0,19003.1,7464.0,4484.0,2980.0,2534.4,7103.97,589.5646331333334,458.24322206666665,0.7772569728805838,0.0,,,,,,0.0,0.0,,,,0.0,0.0,,49332.127545551986,10.806330822135225,0.6007502679528403,0.3785288486346292,0.016011423574089415,-4.1344528381195085,6.379384354566713,7.898775899428367,2.066707798027624,0.009731526683431382,0.9731526683431382,0.49293603992092916,49.29360399209292
河北,2021.0,41205.4,16450.8,20725.3,7448.0,4554.0,2894.0,2796.9,7512.48,579.35934978,444.83451686666666,0.7678041564973165,0.0,,,,,,0.0,0.0,,,,0.0,0.0,,55324.11385606875,10.920964147729407,0.6114393125671321,0.3992389347027331,0.014060277288413654,-4.2644016710008,6.3619229237093275,7.778723815520945,2.051392290740516,0.010583786801632909,1.0583786801632908,0.5346523155558254,53.465231555582534
河北,2022.0,43198.3,16406.7,22383.3,7420.0,4575.0,2845.0,2992.6,7578.8,582.7867888333333,449.2681867666667,0.770896312982739,0.0,,,,,,0.0,0.0,,,,0.0,0.0,,58218.73315363882,10.971962457420803,0.616576819407008,0.3797996680424924,0.013490965821185863,-4.305735015981645,6.3678214056244,7.854269391284815,2.0610572554510656,0.011068079720220716,1.1068079720220716,0.5569845408529853,55.69845408529853
山西,2016.0,12160.1,5113.6,6322.2,3514.0,2012.0,1502.0,747.2,2485.33,1433.1144333733332,1405.4394214666665,0.9806853801535546,0.0,,,,,,0.0,0.0,,,,0.0,0.0,,34604.72396129767,10.451745482399694,0.5725668753557199,0.42052285754228996,0.10351048423759836,-2.2680909124245607,7.267605280448194,40.782994689053304,3.7082651976892427,0.00276377398902998,0.276377398902998,0.14129174154898624,14.129174154898624
山西,2017.0,14679.1,6635.3,7324.6,3510.0,2057.0,1453.0,872.9,2956.15,1521.4075472333332,1492.0260179,0.9806853801535546,0.0,,,,,,0.0,0.0,,,,0.0,0.0,,41820.797720797724,10.641149047903465,0.586039886039886,0.452023625426627,0.10351048423759836,-2.2680909124245607,7.327391203266903,43.34494436562203,3.7691900727950833,0.0033464172145803482,0.33464172145803484,0.17139674983607603,17.139674983607602
山西,2018.0,16153.1,7074.5,8337.9,3502.0,2096.0,1406.0,991.0,3086.33,1650.1317874066667,1618.2175790000001,0.980659600251188,0.0,,,,,,0.0,0.0,,,,0.0,0.0,,46125.35693889206,10.73911811982545,0.5985151342090235,0.4379654679287567,0.10215573403288945,-2.2812568258344146,7.408610434860651,47.1196969562155,3.8526911080029453,0.0036958534115384685,0.36958534115384684,0.18819195136164407,18.819195136164407
山西,2019.0,17311.0,7402.9,9082.7,3497.0,2143.0,1354.0,1126.1,3142.31,1698.4356505333335,1660.8718661333335,0.9778833043287778,0.0,,,,,,0.0,0.0,,,,0.0,0.0,,49502.43065484701,10.809777051489537,0.6128109808407206,0.42764138409104036,0.09811308708528298,-2.3216345157501097,7.4374629008266195,48.56836289772186,3.882972349751335,0.004036647916566011,0.4036647916566011,0.20398411668719932,20.39841166871993
山西,2020.0,18202.7,7440.2,9595.9,3490.0,2182.0,1308.0,1252.1,3266.29,1904.567492297666,1864.812645842666,0.979235066593886,0.0,,,,,,0.0,0.0,,,,0.0,0.0,,52156.7335243553,10.86200857048993,0.625214899713467,0.40874156031797476,0.10351048423759836,-2.2680909124245607,7.551389924553878,54.563367094882814,3.9987227603774746,0.004400004111283758,0.4400004111283758,0.22135409621440363,22.135409621440363
山西,2021.0,23087.8,10892.5,10908.6,3480.0,2207.0,1273.0,1350.4,3325.81,1904.567492297666,1864.812645842666,0.979660891221927,0.0,,,,,,0.0,0.0,,,,0.0,0.0,,66344.25287356322,11.102612417675132,0.6341954022988506,0.4717859648818857,0.09094813088490218,-2.3974659252472987,7.551389924553878,54.563367094882814,3.9987227603774746,0.004659884895915895,0.4659884895915895,0.23353613318804162,23.35361331880416
山西,2022.0,25653.2,12667.1,11650.9,3481.0,2226.0,1255.0,1470.6,3463.32,1904.567492297666,1864.812645842666,0.9806853801535546,0.0,,,,,,0.0,0.0,,,,0.0,0.0,,73694.91525423729,11.207689083317518,0.6394714162596955,0.4800639745507514,0.0876200522331197,-2.434745400464176,7.551389924553878,54.563367094882814,3.9987227603774746,0.005018715232096304,0.5018715232096304,0.25081456476385544,25.081456476385544
内蒙古,2016.0,13879.0,5579.8,6648.7,2436.0,1544.0,892.0,417.2,2045.16,754.615166564893,714.8225316582264,0.9472676449271382,0.0,,,,,,0.0,0.0,,,,0.0,0.0,,56974.54844006568,10.950359928502236,0.6338259441707718,0.4020318466748325,0.054371004147625406,-2.911924279213809,6.626207906142031,30.977634095438958,3.4332654633003346,0.0017389021020740316,0.17389021020740317,0.09154939019739798,9.154939019739798
内蒙古,2017.0,15009.9,5874.2,7485.9,2433.0,1572.0,861.0,494.0,2360.27,765.0729431133333,716.9423576333334,0.9370902004661925,0.0,,,,,,0.0,0.0,,,,0.0,0.0,,61692.97163995068,11.029925291572791,0.6461159062885327,0.39135503900758833,0.050971221867789476,-2.976494082624218,6.639971179755913,31.445661451431697,3.4482610229604824,0.0021122927357545293,0.21122927357545293,0.11095317342843365,11.095317342843366
内蒙古,2018.0,16252.9,6335.4,8166.8,2422.0,1587.0,835.0,628.3,2508.06,857.5732149133332,827.5920429333331,0.9650395191237053,0.0,,,,,,0.0,0.0,,,,0.0,0.0,,67105.28488852188,11.114018081237123,0.6552436003303055,0.3898012047080828,0.052764319900653625,-2.9419200761555753,6.754106557218404,35.407647188824654,3.5669278190934572,0.0025095050858668553,0.25095050858668555,0.13004311223191584,13.004311223191584
内蒙古,2019.0,17479.4,6774.0,8842.2,2415.0,1605.0,810.0,682.5,2606.15,972.7872788599997,937.2298576666662,0.963447896610035,0.0,,,,,,0.0,0.0,,,,0.0,0.0,,72378.4679089027,11.18966412956713,0.6645962732919255,0.3875419064727622,0.055653356457315444,-2.8886128893809904,6.88016543429663,40.28104674368529,3.6958810541980482,0.0026941919071699575,0.26941919071699577,0.139162322334269,13.9162322334269
内蒙古,2020.0,17623.4,6789.7,8804.9,2403.0,1622.0,781.0,722.9,2574.26,1046.6621954466668,1004.6788755666668,0.95988837653386,0.0,,,,,,0.0,0.0,,,,0.0,0.0,,73339.15938410322,11.202849979657573,0.6749895963379109,0.38526618019224435,0.059390480579608176,-2.823621325059036,6.953361518358823,43.55647921126371,3.7740584686104457,0.002765261234936631,0.2765261234936631,0.14209493333387732,14.209493333387732
内蒙古,2021.0,21584.8,9646.5,9583.6,2400.0,1637.0,763.0,796.2,2665.19,1034.0940912,989.1847621333334,0.9565713319040898,0.0,,,,,,0.0,0.0,,,,0.0,0.0,,89936.66666666667,11.406860997893029,0.6820833333333334,0.44691171565175497,0.04790843979096402,-3.0384635940324403,6.941281048220442,43.0872538,3.763227217872496,0.002988568418138429,0.29885684181384287,0.15289197676604407,15.289197676604408
内蒙古,2022.0,23795.7,10916.8,10223.9,2401.0,1647.0,754.0,868.0,2577.01,1058.0678159999995,1013.2516100666661,0.9576433521031193,0.0,,,,,,0.0,0.0,,,,0.0,0.0,,99107.45522698875,11.503959946822388,0.6859641815910037,0.45877196300171874,0.04446466445618324,-3.113060462404745,6.964199708662713,44.06779741774259,3.785729298429551,0.0030948949173407367,0.3094894917340737,0.15694437514022094,15.694437514022095
辽宁,2016.0,20832.0,7865.7,11125.2,4327.0,2980.0,1347.0,971.7,3529.83,508.94331231999996,270.7959668333333,0.5320749094804282,0.0,,,,,,0.0,0.0,,,,0.0,0.0,,48144.210769586316,10.781956176759593,0.6886988675756875,0.3775777649769585,0.024430842565284175,-3.7119089053475713,6.2323366396607245,11.762036337416221,2.4648770854239306,0.003933506704506591,0.3933506704506591,0.20255337785358374,20.255337785358375
辽宁,2017.0,22105.4,8328.9,11874.2,4312.0,2996.0,1316.0,1058.6,3936.77,515.6480892666667,272.63820100000004,0.5287291986046816,0.0,,,,,,0.0,0.0,,,,0.0,0.0,,51264.842300556586,10.84476046093749,0.6948051948051948,0.37678123897328253,0.023326792967630836,-3.758152666279914,6.245424535270226,11.958443628633272,2.4814376086694843,0.004387959135839082,0.4387959135839082,0.22636356645821673,22.636356645821675
辽宁,2018.0,24113.5,9049.0,13044.0,4291.0,3015.0,1276.0,1136.0,3905.94,560.6579574933332,281.69421903333335,0.5024350680631925,0.0,,,,,,0.0,0.0,,,,0.0,0.0,,56195.52551852715,10.936592415604114,0.7026334187835004,0.3752669666369461,0.02325079136140889,-3.7614161104781743,6.329111018141282,13.065904392760038,2.5700061191378487,0.004543311440988363,0.45433114409883635,0.23309593816896837,23.309593816896836
辽宁,2019.0,25665.9,9510.3,13977.6,4277.0,3046.0,1231.0,1230.4,4062.3,628.0281913666666,295.1417197666666,0.4699497949676461,0.0,,,,,,0.0,0.0,,,,0.0,0.0,,60009.11854103344,11.002251805340993,0.7121814355856909,0.3705422369759096,0.024469361735480408,-3.7103334854198264,6.442585056171893,14.683848290078716,2.6867481339330763,0.004855794859417575,0.48557948594175754,0.24844578923099797,24.844578923099796
辽宁,2020.0,25839.0,9294.3,14259.9,4255.0,3070.0,1185.0,1331.2,3921.8,646.1317758666667,299.2915566666666,0.46320513530730195,0.0,,,,,,0.0,0.0,,,,0.0,0.0,,60726.2044653349,11.014130588425992,0.7215041128084606,0.35970045280390106,0.025006067412309558,-3.6886367870675834,6.4710034703897,15.185235625538581,2.7203236153703165,0.004994472894329936,0.49944728943299366,0.2535201513316796,25.35201513316796
辽宁,2021.0,28471.0,10664.9,15344.0,4229.0,3079.0,1150.0,1464.9,3994.08,649.7070767666665,298.6522979,0.4596722254993336,0.0,,,,,,0.0,0.0,,,,0.0,0.0,,67323.24426578387,11.117260838851578,0.7280681012059589,0.37458817744371464,0.02281995984569093,-3.780119694160144,6.47652161018774,15.363137308268303,2.7319709587033434,0.005342441164480541,0.5342441164480541,0.26976994314482367,26.976994314482365
辽宁,2022.0,29739.7,10924.1,16217.5,4197.0,3064.0,1133.0,1569.8,4462.64,613.7140389333332,286.2330980666667,0.4663949004069626,0.0,,,,,,0.0,0.0,,,,0.0,0.0,,70859.423397665,11.168453241181515,0.7300452704312604,0.36732381295036604,0.020636187955269662,-3.8807090475161075,6.419529085022816,14.622683796362477,2.6825740076773164,0.0058766483165350915,0.5876648316535091,0.297677621875574,29.767762187557402
吉林,2016.0,10603.5,3901.4,5572.1,2567.0,1508.0,1059.0,440.0,2029.74,214.18323241333331,169.2046319333333,0.7899994319200497,0.0,,,,,,0.0,0.0,,,,0.0,0.0,,41306.97312037398,10.62878660538416,0.5874561745227892,0.36793511576366295,0.020199295743229435,-3.902107539379311,5.366831874899807,8.343717663160628,2.1215088800167585,0.0017806450679645127,0.17806450679645128,0.09329928715675541,9.32992871567554
吉林,2017.0,11083.0,3995.5,5992.1,2526.0,1508.0,1018.0,501.5,2349.58,214.5174999266667,167.9538817,0.7829379037021009,0.0,,,,,,0.0,0.0,,,,0.0,0.0,,43875.6927949327,10.689115750841399,0.5969912905779889,0.36050708291978706,0.01935554452103823,-3.9447763619957303,5.3683913197799225,8.49237925283716,2.1391692028575777,0.002122461288335581,0.21224612883355812,0.11132203928151932,11.132203928151933
吉林,2018.0,11437.4,4051.5,6225.1,2484.0,1512.0,972.0,588.2,2366.22,193.87150336666667,154.3785287,0.7962930395604654,0.0,,,,,,0.0,0.0,,,,0.0,0.0,,46044.28341384863,10.73735889529897,0.6086956521739131,0.3542326053123962,0.01695066215806623,-4.077448380546071,5.267195585830085,7.804810924584005,2.054740328764807,0.002328934603965183,0.2328934603965183,0.12074682350759544,12.074682350759543
吉林,2019.0,11949.4,4162.0,6500.1,2448.0,1509.0,939.0,618.3,2304.81,197.76544078653333,153.4585547,0.7759624436386847,0.0,,,,,,0.0,0.0,,,,0.0,0.0,,48812.90849673202,10.795750075238077,0.616421568627451,0.34830200679532025,0.016550240245245228,-4.101354660935409,5.287081685958702,8.078653626900872,2.089225228314577,0.002358007011514924,0.2358007011514924,0.12154603381304618,12.154603381304618
吉林,2020.0,12499.5,4337.3,6609.1,2399.0,1503.0,896.0,654.2,2445.03,184.39403399999998,147.3429723333333,0.7990658327553771,0.0,,,,,,0.0,0.0,,,,0.0,0.0,,52102.95956648604,10.86097703162686,0.6265110462692789,0.34699787991519665,0.014752112804512179,-4.2163689654704415,5.217074957019929,7.686287369737389,2.039437880168326,0.002528059146415244,0.2528059146415244,0.13035580246055165,13.035580246055165
吉林,2021.0,13431.1,4713.7,7163.4,2375.0,1505.0,870.0,734.2,2454.55,190.88400696739998,150.99596453333334,0.7910351785475725,0.0,,,,,,0.0,0.0,,,,0.0,0.0,,56552.0,10.94291584785079,0.6336842105263157,0.3509541288502058,0.014212090369917578,-4.253662242138424,5.2516659502049245,8.037221345995789,2.084083419724275,0.002714876656924929,0.27148766569249294,0.13883753337954688,13.883753337954689
吉林,2022.0,13121.4,4274.9,7157.4,2348.0,1496.0,852.0,779.2,2429.8,185.16379839333334,142.31519206666667,0.7685908006939579,0.0,,,,,,0.0,0.0,,,,0.0,0.0,,55883.30494037479,10.931020955150528,0.637137989778535,0.3257960278628805,0.014111588579978762,-4.260758934055755,5.221240830066578,7.886022078080637,2.0650918351066823,0.002800868999983994,0.28008689999839936,0.1425004859775565,14.250048597755649
黑龙江,2016.0,12280.9,3689.7,5839.9,3463.0,2116.0,1347.0,575.0,2510.91,365.3735831466667,279.4001514333333,0.7646971875390829,0.0,,,,,,0.0,0.0,,,,0.0,0.0,,35463.182211954954,10.476250316491601,0.6110308980652613,0.3004421500052928,0.029751368641277653,-3.5148801432998558,5.900920345617984,10.55078207180672,2.3561999872036536,0.002390867904058654,0.2390867904058654,0.12473049832121903,12.473049832121903
黑龙江,2017.0,12659.5,3519.5,6174.8,3399.0,2104.0,1295.0,664.6,2858.68,355.3259442333334,281.5561565666667,0.7923884003859172,0.0,,,,,,0.0,0.0,,,,0.0,0.0,,37244.77787584584,10.525267022727533,0.6190055898793763,0.27801255973774636,0.028067928767592197,-3.5731276794465265,5.873035521000939,10.453837723840348,2.3469691572929148,0.0028138962106907524,0.2813896210690752,0.1466373551656447,14.663735516564468
黑龙江,2018.0,13205.7,3536.0,6668.6,3327.0,2111.0,1216.0,810.7,2894.93,338.7876926666666,275.74326119999995,0.8139116832419999,0.0,,,,,,0.0,0.0,,,,0.0,0.0,,39692.515779981964,10.588917929507346,0.6345055605650737,0.2677631628766366,0.025654656145957168,-3.663030197681064,5.825373635868577,10.182978439034164,2.3207175458381917,0.0031670352485948148,0.3167035248594815,0.16282141354178473,16.282141354178474
黑龙江,2019.0,13962.5,3668.0,7111.3,3255.0,2103.0,1152.0,848.3,2901.75,341.1395670333334,277.85947676666666,0.8145038090510225,0.0,,,,,,0.0,0.0,,,,0.0,0.0,,42895.545314900155,10.666523260710969,0.6460829493087558,0.26270367054610566,0.024432556278125937,-3.711838762341435,5.832291681036021,10.480478249871993,2.349514312381443,0.003256327051478633,0.3256327051478633,0.16689415738962782,16.689415738962783
黑龙江,2020.0,14000.1,3454.7,7100.3,3171.0,2080.0,1091.0,886.3,2980.34,336.88890720000006,269.07031213333335,0.798691516350804,0.0,,,,,,0.0,0.0,,,,0.0,0.0,,44150.42573320719,10.695357848866864,0.6559444970040996,0.2467625231248348,0.024063321490560785,-3.727066527649425,5.819753223779603,10.624058883632925,2.3631211352293477,0.003392039086926019,0.33920390869260186,0.17364906835480698,17.3649068354807
黑龙江,2021.0,15292.8,4082.3,7746.6,3125.0,2053.0,1072.0,1013.5,3093.93,358.5109225066667,288.2259853,0.8039531495575013,0.0,,,,,,0.0,0.0,,,,0.0,0.0,,48936.96,10.79828821818952,0.65696,0.2669426135174723,0.02344311849410616,-3.7531782815651384,5.881959126818701,11.472349520213335,2.4399397506362903,0.003751517672069416,0.3751517672069416,0.19075861186102777,19.075861186102777
黑龙江,2022.0,16359.2,4549.5,8174.4,3099.0,2052.0,1047.0,1130.4,3136.9,354.37733019999996,285.4345912,0.8054538676018278,0.0,,,,,,0.0,0.0,,,,0.0,0.0,,52788.64149725718,10.87405132339404,0.6621490803484995,0.2781003961073891,0.021662265281920872,-3.832183459224925,5.87036224998068,11.435215559858019,2.436697678181023,0.004042933832216999,0.4042933832216999,0.20422206027331266,20.422206027331267
上海,2016.0,30963.9,8570.2,22279.3,2467.0,2196.0,271.0,635.7,2662.29,158.2252263866667,66.03337950000001,0.41733787340982753,0.0,,,,,,0.0,0.0,,,,0.0,0.0,,125512.36319416296,11.74015954420931,0.8901499797324686,0.2767803797325272,0.005109990226898636,-5.276557787312651,5.064019501449833,6.413669492771248,1.858431570908568,0.002624039465164152,0.2624039465164152,0.13647173021514342,13.647173021514341
上海,2017.0,34378.3,9525.9,24741.6,2466.0,2197.0,269.0,681.3,3393.14,156.57804983333335,64.42917030000001,0.4114827740451517,0.0,,,,,,0.0,0.0,,,,0.0,0.0,,139409.16463909167,11.845168518613061,0.8909164639091647,0.2770904902220296,0.004554560575518084,-5.391626223721169,5.053554606639998,6.349474851311165,1.8483721089037999,0.003190587059597828,0.3190587059597828,0.16800568951992015,16.800568951992016
上海,2018.0,37769.1,10360.8,27303.5,2475.0,2206.0,269.0,772.9,3032.0,151.47447972,61.63740073333333,0.40691607488779513,0.0,,,,,,0.0,0.0,,,,0.0,0.0,,152602.42424242425,11.935591283960727,0.8913131313131313,0.27431948338721335,0.0040105398254128375,-5.518829426920392,5.020417160066943,6.120180998787879,1.8115916710522437,0.0031685461304419497,0.316854613044195,0.16402424393868348,16.402424393868348
上海,2019.0,40241.2,10317.1,29817.1,2481.0,2214.0,267.0,890.1,3197.44,159.4973036066667,58.72844853333334,0.3682096637706332,0.0,,,,,,0.0,0.0,,,,0.0,0.0,,162197.5010076582,11.996570013686922,0.8923821039903265,0.25638151943779014,0.003963532489256451,-5.530619608607893,5.072027016794647,6.428750649200592,1.8607802190909375,0.0035383103460775223,0.3538310346077522,0.1820257197652912,18.202571976529118
上海,2020.0,41603.9,10356.7,31139.5,2488.0,2222.0,266.0,919.0,3365.7,154.62688177333334,57.69101726666666,0.3730982388381575,0.0,,,,,,0.0,0.0,,,,0.0,0.0,,167218.24758842445,12.027055109972212,0.8930233925745634,0.2489357968844267,0.0037166439149534857,-5.594934191300035,5.041015000555063,6.2149068236870315,1.826950732684085,0.003710327124464708,0.3710327124464708,0.19115601397453297,19.115601397453297
上海,2021.0,47059.4,11425.4,35538.0,2489.0,2223.0,266.0,995.4,3616.6,161.29419202,70.14264106666667,0.4348739417595966,0.0,,,,,,0.0,0.0,,,,0.0,0.0,,189069.50582563278,12.149869982127408,0.8930233925745634,0.24278677586199568,0.003427459594044973,-5.675935935351495,5.083229977167323,6.4802809168340705,1.8687638607878225,0.004042092056387682,0.40420920563876817,0.20815587752527206,20.815587752527207
上海,2022.0,48594.5,11386.4,37108.1,2475.0,2211.0,264.0,1071.2,3680.07,216.45609251333332,68.0522106,0.31439267802456566,0.0,,,,,,0.0,0.0,,,,0.0,0.0,,195686.94239299378,12.184213700269073,0.8930233925745634,0.23431458292605128,0.0044543331552610544,-5.413877913828637,5.377387720931605,8.745700707609426,2.168562231916906,0.004253633558109213,0.42536335581092133,0.21819635425055897,21.819635425055896
江苏,2016.0,78261.2,35041.5,39180.0,8381.0,5777.0,2604.0,2685.2,7436.86,653.1168446466667,439.13785263333335,0.6723725719720259,0.0,,,,,,0.0,0.0,,,,0.0,0.0,,93379.31034482758,11.444425083027829,0.6892972199021596,0.44775060949742657,0.008345346667910366,-4.786051180740726,6.481756048409826,7.792827164379748,2.053203716299011,0.010283414799975323,1.0283414799975323,0.5205157142652619,52.05157142652619
江苏,2017.0,86512.9,39124.1,43343.6,8423.0,5911.0,2512.0,3106.1,9257.65,645.0487202,426.39474826666674,0.6610271982780793,0.0,,,,,,0.0,0.0,,,,0.0,0.0,,102710.31698919623,11.539667848409554,0.7017689659266295,0.45223429107104257,0.007456098688172517,-4.898722965611803,6.469325849136932,7.6581825976492945,2.0357746968096597,0.012389283242276523,1.2389283242276523,0.6303113247246556,63.03113247246556
江苏,2018.0,93456.3,42129.4,47185.2,8446.0,6013.0,2433.0,3351.9,7979.54,644.9654677266666,419.99478546666666,0.6511895698029193,0.0,,,,,,0.0,0.0,,,,0.0,0.0,,110651.5510300734,11.614141362824002,0.7119346436182808,0.4507925094402411,0.006901251897696213,-4.976052449387436,6.469196776954272,7.6363422652932345,2.0329187274484743,0.012134155869574953,1.2134155869574952,0.6082537677169897,60.82537677169897
江苏,2019.0,99836.9,44281.4,51258.3,8469.0,6137.0,2332.0,3585.7,8452.6,636.5820485866667,404.45454683333344,0.6353533652595129,0.0,,,,,,0.0,0.0,,,,0.0,0.0,,117885.11040264495,11.6774657884963,0.7246428149722517,0.4435374095149189,0.006376220100851156,-5.055179817881256,6.456113315560461,7.516614105404023,2.0171157846269527,0.01296249860860493,1.2962498608604929,0.6494286999683766,64.94286999683766
江苏,2020.0,104566.6,45391.4,54637.6,8477.0,6226.0,2251.0,3756.8,8428.67,628.0625281333333,402.31408139999996,0.6405637390845764,0.0,,,,,,0.0,0.0,,,,0.0,0.0,,123353.30895363927,11.722807947326432,0.7344579450277221,0.43409080911113107,0.006006339769422869,-5.114939739355636,6.44263972860302,7.409018852581495,2.0026980219827055,0.013333965394594114,1.3333965394594114,0.665938865806143,66.59388658061431
江苏,2021.0,119853.2,51218.621999999996,61558.4,8505.0,6289.0,2216.0,4071.6,8753.62,669.2206741999998,438.26138986666655,0.6548832197848239,0.0,,,,,,0.0,0.0,,,,0.0,0.0,,140920.87007642564,11.85595380669403,0.7394473838918283,0.44701184448975917,0.005583669640860651,-5.18790907700918,6.50611386253863,7.86855584009406,2.062874543696759,0.014251416889453986,1.4251416889453985,0.7098955645091043,70.98955645091043
江苏,2022.0,124140.20999999998,51218.621999999996,64256.9,8515.0,6337.0,2178.0,4276.53,9039.37,671.9659703733334,443.21772110000006,0.6595835810759219,0.0,,,,,,0.0,0.0,,,,0.0,0.0,,146287.96241926012,11.8933323035086,0.7442160892542572,0.4442961942516389,0.005394535270754627,-5.222368824713667,6.510207699915539,7.891555729575261,2.0657932928068417,0.015291343516065124,1.5291343516065123,0.759036545108606,75.90365451086059
浙江,2016.0,48095.8,21571.2,24634.1,6072.0,4112.0,1960.0,2159.7,6366.29,379.17653735279634,247.63233278578667,0.6530792609548589,0.0,,,,,,0.0,0.0,,,,0.0,0.0,,79209.15678524374,11.279847187094806,0.6772068511198946,0.44850485905214177,0.007883776490936762,-4.84294823979713,5.938001894396957,6.244672881304287,1.831728761309583,0.00841696398967535,0.841696398967535,0.4277003794339896,42.77003794339896
浙江,2017.0,53135.2,23246.7,27954.6,6170.0,4252.0,1918.0,2464.6,7456.25,401.44067626407,253.77984000031668,0.632172709457521,0.0,,,,,,0.0,0.0,,,,0.0,0.0,,86118.63857374393,11.363481142873827,0.6891410048622366,0.43750094099579945,0.007555079801413565,-4.885535120584753,5.995059767212324,6.506331868137278,1.8727758363009819,0.009797211162672237,0.9797211162672237,0.49880718286630393,49.88071828663039
浙江,2018.0,59311.7,25308.1,32027.7,6273.0,4392.0,1881.0,2653.8,6833.64,401.65882536,252.88073506666663,0.6295908843531919,0.0,,,,,,0.0,0.0,,,,0.0,0.0,,94550.77315479037,11.456892251258779,0.7001434720229556,0.42669658768843244,0.0067719998813050375,-4.994958832238561,5.995603035140779,6.402978245815398,1.856763233032127,0.00982989823543214,0.982989823543214,0.49512251853064965,49.51225185306497
浙江,2019.0,64632.0,26643.3,35902.0,6375.0,4563.0,1812.0,2778.9,7047.0,419.14662583999996,243.2018761333333,0.5802310245154407,0.0,,,,,,0.0,0.0,,,,0.0,0.0,,101383.5294117647,11.5266659251091,0.715764705882353,0.412230783512811,0.006485125415274167,-5.038244122114044,6.0382208010455,6.574849032784313,1.8832516170069649,0.010247905201105516,1.0247905201105516,0.5156906706780178,51.569067067801775
浙江,2020.0,67164.5,26638.2,38360.0,6468.0,4668.0,1800.0,2938.8,7041.06,454.5545122666667,231.06605426666667,0.5083351897981173,0.0,,,,,,0.0,0.0,,,,0.0,0.0,,103841.21830550402,11.550618264395132,0.7217068645640075,0.3966113050793202,0.006767779292135975,-4.995582267709953,6.119317845405994,7.027744469181612,1.9498658106970876,0.010605472001213156,1.0605472001213156,0.5317245740252767,53.17245740252767
浙江,2021.0,76765.3,31370.7,43182.7,6540.0,4752.0,1788.0,3117.0,7483.37,526.0089992933333,276.3864693333333,0.5254405717480968,0.0,,,,,,0.0,0.0,,,,0.0,0.0,,117378.13455657492,11.673155921641305,0.726605504587156,0.40865729698183945,0.006852171479735418,-4.983189672602326,6.265318321514041,8.04295105953109,2.084796063050888,0.011288671108975848,1.1288671108975847,0.5661164609140812,56.61164609140812
浙江,2022.0,80770.0,32873.3,45711.5,6577.0,4826.0,1751.0,3400.1,7694.25,568.8947452533333,286.5713843666666,0.5037335759518294,0.0,,,,,,0.0,0.0,,,,0.0,0.0,,122806.75079823627,11.718367267111173,0.7337691956819219,0.4069988857248979,0.007043391670834881,-4.9556654534013695,6.343695435034972,8.649760456945923,2.1575316277217125,0.012062145673168524,1.2062145673168525,0.6026527430080687,60.26527430080687
安徽,2016.0,26801.2,11517.5,12793.9,6033.0,3175.0,2858.0,1075.0,4179.9,380.1773146818087,315.634536275622,0.8302298009017026,0.0,,,,,,0.0,0.0,,,,0.0,0.0,,44424.33283606829,10.701542635151352,0.5262721697331344,0.4297382206766861,0.014185085543998353,-4.255564180143923,5.940637761472008,6.301629615146838,1.8408082690193375,0.0045792113906459545,0.4579211390645955,0.23697894453328938,23.69789445332894
安徽,2017.0,30141.8,12681.2,14878.3,6057.0,3288.0,2769.0,1323.7,4639.68,397.01638282836916,325.36418430503585,0.8195233203907641,0.0,,,,,,0.0,0.0,,,,0.0,0.0,,49763.57932970117,10.815038656693073,0.54284299157999,0.420718072576953,0.01317162156302441,-4.3296906452918895,5.983977546405948,6.554670345523677,1.8801778254130923,0.0054328022571887265,0.5432802257188727,0.27917956656324655,27.917956656324655
安徽,2018.0,34377.3,14094.4,17644.9,6076.0,3381.0,2695.0,1662.4,4596.33,392.42850410666665,320.0019302333333,0.8154400785992678,0.0,,,,,,0.0,0.0,,,,0.0,0.0,,56578.83475971034,10.943390250081988,0.5564516129032258,0.4099914769339069,0.011415338147750597,-4.472797376333519,5.972354365487949,6.45866530787799,1.8654226877603777,0.006170686935571179,0.6170686935571179,0.3120101434103559,31.201014341035588
安徽,2019.0,37584.8,14895.9,19773.0,6092.0,3474.0,2618.0,1864.7,4790.84,398.96247093333324,325.2210543999999,0.8151670347318067,0.0,,,,,,0.0,0.0,,,,0.0,0.0,,61695.33814839134,11.029963650286758,0.5702560735390676,0.39632777080096204,0.010614995182449639,-4.545487637670672,5.988867354654955,6.548957172247754,1.879305826627994,0.006751191938925708,0.6751191938925708,0.3397312653994764,33.97312653994764
安徽,2020.0,38628.8,15286.7,20157.2,6105.0,3561.0,2544.0,2093.0,5010.47,397.17086993333334,319.7481554666667,0.8050644689031138,0.0,,,,,,0.0,0.0,,,,0.0,0.0,,63274.03767403768,11.055230376669268,0.5832923832923833,0.39573323530629995,0.0102817294333071,-4.577386800292696,5.984366590945194,6.505665355173355,1.8726733903884802,0.007406381460647456,0.7406381460647457,0.371019621636772,37.1019621636772
安徽,2021.0,43102.8,16925.5,22813.5,6113.0,3631.0,2482.0,2335.8,5276.7,415.06390899999997,330.4743933333333,0.7962012262871386,0.0,,,,,,0.0,0.0,,,,0.0,0.0,,70510.06052674628,11.163510681126365,0.5939800425323082,0.39267750586968825,0.009629627518397875,-4.64291073321426,6.0284325059646475,6.789856191722557,1.915429761924014,0.00812389093824641,0.812389093824641,0.40549690729274257,40.54969072927426
安徽,2022.0,45525.1,17697.0,24311.6,6127.0,3686.0,2441.0,2666.6,5444.24,388.81372642,350.5654141,0.9016281840865776,0.0,,,,,,0.0,0.0,,,,0.0,0.0,,74302.43185898483,11.215898960439201,0.6015994777215603,0.3887306123435204,0.008540645191773331,-4.762918724647392,5.9631003765412816,6.345907073935042,1.8478100498037182,0.008977669443034424,0.8977669443034424,0.44528636591171017,44.528636591171015
福建,2016.0,30199.2,14683.7,13370.4,4016.0,2586.0,1430.0,1144.6,3267.49,217.15173930666663,118.89306623333331,0.5475114618604543,0.0,,,,,,0.0,0.0,,,,0.0,0.0,,75197.21115537849,11.227869423550485,0.6439243027888446,0.4800639745507514,0.007190645424602858,-4.9349743442956795,5.380596368650188,5.407164823373173,1.6877248932667148,0.004157842085809325,0.4157842085809325,0.2104717672844344,21.04717672844344
福建,2017.0,34432.2,16290.0,15927.0,4065.0,2674.0,1391.0,1373.6,3508.76,232.9193275913333,133.50437466666665,0.57317860242541,0.0,,,,,,0.0,0.0,,,,0.0,0.0,,84704.0590405904,11.346918802049045,0.657810578105781,0.47310366459302633,0.00676457872547596,-4.996055291955325,5.450692160099448,5.729872757474374,1.7456933241056283,0.004828337459455259,0.48283374594552586,0.24262773767865084,24.262773767865085
福建,2018.0,39204.8,18847.8,17978.0,4104.0,2749.0,1355.0,1629.1,3793.55,254.14482234666661,151.36401023333332,0.5955817192563735,0.0,,,,,,0.0,0.0,,,,0.0,0.0,,95528.26510721249,11.467177452387459,0.6698343079922028,0.4800639745507514,0.006482492509760708,-5.03865019600747,5.537904271254411,6.192612630279401,1.8233570703918973,0.005586316454592725,0.5586316454592725,0.2790789792132309,27.907897921323087
福建,2019.0,42479.1,19578.6,20305.0,4137.0,2808.0,1329.0,1779.0,3915.76,275.9733841666666,155.4260550333333,0.5631921915320209,0.0,,,,,,0.0,0.0,,,,0.0,0.0,,102680.92820884699,11.539381674765478,0.6787527193618564,0.46089959533040953,0.006496686233151518,-5.036463042362375,5.620304426888332,6.670857727016355,1.8977484464150114,0.006002558131290564,0.6002558131290564,0.2988130529028496,29.88130529028496
福建,2020.0,43682.0,19509.7,21441.6,4161.0,2861.0,1300.0,1831.0,3979.6,281.648774112,161.60782293333332,0.5737920338650884,0.0,,,,,,0.0,0.0,,,,0.0,0.0,,104979.57221821678,11.561521059909598,0.6875751021389089,0.44663019092532397,0.006447707845611465,-5.04403058410774,5.640660812808616,6.768776114203316,1.9123202898137663,0.00616055224989831,0.616055224989831,0.3064480723441385,30.64480723441385
福建,2021.0,49602.6,22434.5,24268.2,4187.0,2918.0,1269.0,1985.1,4146.55,314.5393617344444,181.70356526666666,0.5776814840111274,0.0,,,,,,0.0,0.0,,,,0.0,0.0,,118468.11559589204,11.68239913665105,0.6969190351086697,0.45228475926665135,0.0063411869888764785,-5.060689305836631,5.751109224857381,7.512284732133853,2.016539644826329,0.006614658856713446,0.6614658856713446,0.3282557070477605,32.825570704776055
福建,2022.0,52099.6,22470.0,26552.1,4188.0,2937.0,1251.0,2145.3,4281.84,296.00600152222216,173.53981516666664,0.5862712724547189,0.0,,,,,,0.0,0.0,,,,0.0,0.0,,124402.10124164278,11.731274350154555,0.7012893982808023,0.4312892997259096,0.00568154077041325,-5.17053282063737,5.69037972953143,7.067956101294703,1.9555713435290936,0.007062471251716665,0.7062471251716664,0.3495181036716255,34.95181036716255
江西,2016.0,18761.2,8732.5,8234.6,4496.0,2427.0,2069.0,822.5,2602.79,176.67199088,122.70224193333334,0.6945200612850723,0.0,,,,,,0.0,0.0,,,,0.0,0.0,,41728.64768683274,10.638943166802003,0.5398131672597865,0.4654553013666503,0.009416881163251819,-4.665251331918797,5.17429485448055,3.9295371637010676,1.368521648895114,0.003008425922686646,0.3008425922686646,0.15326851100738753,15.326851100738754
江西,2017.0,20497.6,9444.6,9217.8,4511.0,2513.0,1998.0,997.1,3079.28,179.01111954666663,127.1140812333333,0.71009042094838,0.0,,,,,,0.0,0.0,,,,0.0,0.0,,45439.14874750609,10.724129319669956,0.5570826867656838,0.4607661384747483,0.008733272165847057,-4.740615160818366,5.187447924283804,3.968324529963791,1.3783439728634992,0.0037051667927340513,0.37051667927340515,0.18855248966092708,18.85524896609271
江西,2018.0,23016.9,10081.2,11058.4,4513.0,2588.0,1925.0,1323.4,3340.8,183.3997879333333,128.6388253333333,0.7014120724070527,0.0,,,,,,0.0,0.0,,,,0.0,0.0,,51001.329492577,10.839606979848588,0.5734544648792378,0.43799121515060674,0.007968049039329071,-4.832315604184508,5.211668403514898,4.063810944678336,1.4021211896759884,0.004608378277687976,0.46083782776879756,0.23134351435955142,23.134351435955143
江西,2019.0,24724.0,10385.3,12281.0,4516.0,2668.0,1848.0,1448.8,3506.44,186.17709083333335,128.5136072,0.6902761592458548,0.0,,,,,,0.0,0.0,,,,0.0,0.0,,54747.56421612046,10.910488157485794,0.5907883082373782,0.420049344766219,0.007530217231569865,-4.888831388772394,5.2266983220067695,4.12261051446708,1.416486582725308,0.004996799277965694,0.49967992779656945,0.25018581411836466,25.018581411836465
江西,2020.0,25825.4,10631.7,12949.9,4519.0,2731.0,1788.0,1510.5,3599.26,183.17314887333333,127.54791829999999,0.6963243198281265,0.0,,,,,,0.0,0.0,,,,0.0,0.0,,57148.48417791547,10.953408145300168,0.6043372427528214,0.411676101822237,0.007092751665930957,-4.948681908522567,5.210431874212698,4.053400063583389,1.399556050789509,0.005195092000655239,0.5195092000655239,0.2598733743474483,25.987337434744827
江西,2021.0,29838.2,12559.3,14945.0,4517.0,2776.0,1741.0,1700.2,3855.94,189.2365783666667,128.41568410000002,0.6785986367349155,0.0,,,,,,0.0,0.0,,,,0.0,0.0,,66057.5603276511,11.09828176710403,0.6145671906132388,0.42091345992720736,0.006342090956112188,-5.060546761103138,5.242997969679314,4.189430559368313,1.432564820012801,0.005786552201091561,0.5786552201091562,0.2886019897707746,28.860198977077463
江西,2022.0,31568.1,12832.9,16268.8,4528.0,2811.0,1717.0,1958.3,3974.73,161.57794934999995,132.50297023333331,0.8200560210497148,0.0,,,,,,0.0,0.0,,,,0.0,0.0,,69717.53533568904,11.152207148115368,0.620803886925795,0.4065148045020131,0.005118393230824787,-5.274914711287716,5.084987684734489,3.5684176093197872,1.2721222508395613,0.0064451298100779405,0.6445129810077941,0.31920783408064807,31.920783408064807
山东,2016.0,59702.6,25565.0,29307.3,9973.0,5897.0,4076.0,2366.5,7391.24,1096.7196739126373,715.8028879790439,0.6526762535638286,0.0,,,,,,0.0,0.0,,,,0.0,0.0,,59864.23343026171,10.999834501095464,0.591296500551489,0.4282058067822842,0.01836971377984606,-3.997051960723189,7.000078888797961,10.996888337637994,2.397612354384184,0.009534300585313946,0.9534300585313946,0.4864434136170072,48.64434136170072
山东,2017.0,63958.6,26925.6,32200.3,10033.0,6099.0,3934.0,2588.7,8507.99,1101.7965216666666,676.4260308666666,0.6139300837902899,0.0,,,,,,0.0,0.0,,,,0.0,0.0,,63748.23083823383,11.062696711078475,0.6078939499651151,0.4209848245583862,0.017226714181778003,-4.061293949949557,7.004697328078348,10.981725522442607,2.3962325751408264,0.010744656624588032,1.0744656624588032,0.550130450640438,55.013045064043794
山东,2018.0,67864.4,27523.7,35390.2,10077.0,6193.0,3884.0,2884.8,8418.57,1220.0263825466668,749.8216165,0.6145945917454936,0.0,,,,,,0.0,0.0,,,,0.0,0.0,,67345.83705467897,11.117596369307204,0.6145678277265059,0.4055690465103943,0.01797741352677791,-4.018639113079688,7.106627762531736,12.107039620389669,2.493787070239425,0.011357058513046534,1.1357058513046534,0.576935469811928,57.6935469811928
山东,2019.0,72024.3,28464.9,38442.5,10106.0,6252.0,3854.0,3186.1,8855.06,1244.7052187999998,739.7664354666666,0.5943306288856598,0.0,,,,,,0.0,0.0,,,,0.0,0.0,,71268.85018800713,11.174214627182208,0.6186423906590145,0.39521244913175135,0.01728173989611839,-4.05810483224219,7.126654008815688,12.316497316445673,2.510939608951926,0.012314741746109203,1.2314741746109203,0.6236252578555087,62.36252578555087
山东,2020.0,74355.9,29008.0,39983.5,10165.0,6409.0,3756.0,3445.6,8761.31,1273.7735697999997,724.5042727999999,0.5687857637945473,0.0,,,,,,0.0,0.0,,,,0.0,0.0,,73148.94244958188,11.200252949058484,0.6304968027545499,0.3901237158046638,0.017130766621075124,-4.066879214519939,7.14973908862481,12.530974616822427,2.5282035485504544,0.012841690732118315,1.2841690732118316,0.6465508199840585,64.65508199840585
山东,2021.0,84838.0,34084.0,44727.1,10170.0,6503.0,3667.0,3863.7,9367.97,1267.5722234444443,708.1599792666665,0.5586742642106374,0.0,,,,,,0.0,0.0,,,,0.0,0.0,,83419.86234021632,11.33164171754838,0.6394296951819076,0.4017539310214762,0.014941090353903255,-4.203640119751563,7.144858714863239,12.463837005353433,2.522831411808725,0.014171234033790324,1.4171234033790325,0.7113755158021916,71.13755158021917
山东,2022.0,89519.4,36037.2,47186.0,10163.0,6559.0,3604.0,4264.7,9770.61,1205.3044778866667,705.2738627,0.5851416597543878,0.0,,,,,,0.0,0.0,,,,0.0,0.0,,88083.63672144052,11.386042059388894,0.6453803010921972,0.4025630198593824,0.013464170647777654,-4.307723147799497,7.09448749275098,11.859731160943292,2.473148725601305,0.01533274670842269,1.5332746708422689,0.7669531362931131,76.69531362931131
河南,2016.0,40167.7,18140.6,17963.4,9778.0,4770.0,4696.78,1767.2,6378.26,536.8387751689834,451.34165771090403,0.840739675648118,0.0,,,,,,0.0,0.0,,,,0.0,0.0,,41079.66864389445,10.623268597892496,0.4878298220494989,0.45162157654035456,0.013364936881349527,-4.315120652084821,6.285697816970083,5.490271785324027,1.7029777598195834,0.0075376036847387366,0.7537603684738736,0.3882465252061727,38.82465252061727
河南,2017.0,44586.5,20035.3,20411.9,9829.0,4970.0,4696.78,2128.4,7542.45,557.6206413133871,473.3278576806633,0.8488348934964361,0.0,,,,,,0.0,0.0,,,,0.0,0.0,,45362.19350900397,10.722434295014708,0.505646556109472,0.44935798952597755,0.01250649055910168,-4.3815075247066435,6.323678876898511,5.673218448605017,1.7357565843199732,0.009092151207700107,0.9092151207700107,0.46780781408721533,46.78078140872153
河南,2018.0,50273.5,21446.8,24515.5,9864.0,5153.0,4696.78,2503.9,7766.49,498.1344360066667,419.447424,0.8420365943028006,0.0,,,,,,0.0,0.0,,,,0.0,0.0,,50966.64639091647,10.83892670542522,0.522404703974047,0.42660248441027576,0.009908489283751215,-4.614363385878385,6.210869992414832,5.0500246959313335,1.6193931335587435,0.01008277265294372,1.0082772652943721,0.5142201566033207,51.422015660332065
河南,2019.0,53739.3,22185.5,26918.2,9901.0,5348.0,4553.0,2769.2,8245.69,463.99828377333336,387.4774753666667,0.8350838546548425,0.0,,,,,,0.0,0.0,,,,0.0,0.0,,54276.63872336128,10.901849187259119,0.5401474598525402,0.4128356714732049,0.008634245026885973,-4.752019002950404,6.139880853455047,4.686377979732687,1.5446599983206237,0.010986191469332475,1.0986191469332476,0.5588227900794163,55.88227900794163
河南,2020.0,54160.6,21416.6,27390.0,9941.0,5510.0,4431.0,3090.9,8748.71,464.5637038599999,382.31305823333327,0.8229507709206366,0.0,,,,,,0.0,0.0,,,,0.0,0.0,,54482.044059953725,10.90562645957539,0.5542701941454582,0.39542767251470623,0.008577521369039484,-4.75861029194483,6.141098693866521,4.673208971532038,1.5418459816424677,0.012032166729948293,1.2032166729948293,0.6100347222200501,61.00347222200501
河南,2021.0,57806.9,22571.0,29609.7,9883.0,5579.0,4304.0,3505.8,9136.57,474.74294731333333,389.85805466666665,0.8211982018331235,0.0,,,,,,0.0,0.0,,,,0.0,0.0,,58491.247596883535,10.976632408298212,0.5645047050490741,0.390455118679604,0.008212565408512363,-4.802089930696292,6.16277349400192,4.803631967148976,1.5693722916138275,0.013215716486883626,1.3215716486883626,0.6664811828490131,66.64811828490132
河南,2022.0,58807.4,22122.5,30953.9,9872.0,5633.0,4239.0,3934.8,9400.9,487.35926808,425.94091099999997,0.8739772461454078,0.0,,,,,,0.0,0.0,,,,0.0,0.0,,59569.89465153971,10.994905602139378,0.5706037277147488,0.37618565010525884,0.008287379956944193,-4.793021408408342,6.189001567900022,4.936783509724473,1.596714007742945,0.01435278633087831,1.435278633087831,0.7198142446804783,71.98142446804783
湖北,2016.0,33767.6,14527.0,15834.1,5885.0,3447.0,2438.0,1131.9,3639.94,253.98360879894997,172.5594561582833,0.6794117816275265,0.0,,,,,,0.0,0.0,,,,0.0,0.0,,57379.09940526763,10.957435394139749,0.5857264231096007,0.4302052855399851,0.007521517928397339,-4.889987309209301,5.537269732648641,4.315779248920136,1.4622778989423548,0.004365350014100266,0.43653500141002655,0.22288901912498107,22.28890191249811
湖北,2017.0,37624.2,15713.9,18381.4,5904.0,3535.0,2369.0,1242.9,4116.39,266.93441389083426,179.49385770740744,0.6724268148535296,0.0,,,,,,0.0,0.0,,,,0.0,0.0,,63726.626016260154,11.06235774506253,0.5987466124661247,0.4176540630764242,0.00709475321444268,-4.948399751999362,5.587002987367294,4.521246847744483,1.5087878070750769,0.004918345453467103,0.4918345453467103,0.25170710609011626,25.170710609011625
湖北,2018.0,42425.5,17573.9,21303.4,5917.0,3609.0,2308.0,1480.7,4551.95,258.01571996,169.0238583,0.655091318956084,0.0,,,,,,0.0,0.0,,,,0.0,0.0,,71701.03092783505,11.180260404836297,0.6099374683116444,0.41422964962110054,0.0060816188367844816,-5.102484362393834,5.553020513142975,4.360583403075883,1.4726058564543723,0.005731944795285756,0.5731944795285756,0.29190840998414425,29.190840998414423
湖北,2019.0,45557.0,18397.1,23350.6,5927.0,3665.0,2262.0,1708.3,4635.62,282.36242954405554,182.842286,0.6475446690809553,0.0,,,,,,0.0,0.0,,,,0.0,0.0,,76863.5059895394,11.249786478347023,0.6183566728530454,0.40382597624953354,0.006198003150867167,-5.083528111248338,5.64319145691034,4.764002523098625,1.561088181110593,0.006299327041571842,0.6299327041571842,0.31812157970970995,31.812157970970993
湖北,2020.0,43017.6,16359.6,22524.7,5745.0,3613.0,2132.0,1870.2,4789.67,242.44893391023774,157.75009359999999,0.6506528655572643,0.0,,,,,,0.0,0.0,,,,0.0,0.0,,74878.32898172324,11.22361979495326,0.6288946910356832,0.3803001562151306,0.0056360404557724685,-5.178573506871311,5.490791106388622,4.220172914016323,1.4398761020938573,0.006762878549988112,0.6762878549988113,0.3402472332825808,34.02472332825808
湖北,2021.0,50093.3,19241.3,26218.0,5830.0,3736.0,2094.0,2081.3,5041.08,286.9507376541,182.9558162666667,0.6375861507183429,0.0,,,,,,0.0,0.0,,,,0.0,0.0,,85923.32761578045,11.361210638226678,0.6408233276157804,0.3841092521355151,0.005728325697330781,-5.162331990372769,5.659310555222264,4.921968055816467,1.5937084618658177,0.007399355168679094,0.7399355168679094,0.37095702007113474,37.09570200711347
湖北,2022.0,53445.4,19948.5,28515.0,5844.0,3779.0,2065.0,2290.8,5195.23,294.3745496888889,197.73495206666666,0.6717121173540435,0.0,,,,,,0.0,0.0,,,,0.0,0.0,,91453.45653661876,11.423585450115317,0.6466461327857632,0.37325008326254455,0.005507949228350595,-5.201562915959484,5.684852935050239,5.03720995360864,1.6168523481677401,0.007970534168968053,0.7970534168968053,0.39792450459389467,39.792450459389464
湖南,2016.0,31225.0,12942.0,15367.4,6625.0,3491.0,3134.0,1066.9,4350.73,265.50529872907697,198.13799679188259,0.7462675801211172,0.0,,,,,,0.0,0.0,,,,0.0,0.0,,47132.07547169811,10.760709056115537,0.5269433962264151,0.4144755804643715,0.008502971936879967,-4.767339536962622,5.581634798031157,4.007627150627577,1.3881993331648252,0.004669247327474069,0.4669247327474069,0.24244308096742667,24.244308096742667
湖南,2017.0,34127.7,13459.8,17669.5,6633.0,3623.0,3010.0,1315.5,4922.45,275.9675993519634,211.98674392027,0.7681580896382929,0.0,,,,,,0.0,0.0,,,,0.0,0.0,,51451.37946630483,10.848392552687116,0.5462083521785014,0.3943951687339024,0.00808632282140207,-4.817581185062821,5.620283465173669,4.160524639709987,1.425641181636205,0.005593604253258994,0.5593604253258994,0.28875351475525673,28.875351475525672
湖南,2018.0,36629.3,13904.1,19641.0,6635.0,3722.0,2913.0,1635.3,5226.59,243.24612201333332,175.69868176666665,0.7223082543409917,0.0,,,,,,0.0,0.0,,,,0.0,0.0,,55206.17935192164,10.918830170781026,0.560964581763376,0.3795895635461229,0.006640752676500323,-5.014529967023348,5.494073778547803,3.6661058329063048,1.2991300177695868,0.006509156851533214,0.6509156851533214,0.33245250598062465,33.24525059806246
湖南,2019.0,39930.7,14974.8,21308.8,6640.0,3815.0,2825.0,1873.8,5489.68,242.06175356666665,170.2718904333333,0.7034233534395942,0.0,,,,,,0.0,0.0,,,,0.0,0.0,,60136.59638554216,11.004373860087997,0.5745481927710844,0.37501972166778946,0.006062046334441086,-5.105707856950945,5.489192873631349,3.6455083368473895,1.293495817148961,0.007214958027450534,0.7214958027450533,0.3663771634490682,36.63771634490682
湖南,2020.0,41693.7,15577.3,21875.6,6645.0,3905.0,2740.0,2113.2,5771.21,227.6336918333333,157.8265975,0.6933358424620024,0.0,,,,,,0.0,0.0,,,,0.0,0.0,,62744.46952595936,11.046825718065437,0.5876598946576373,0.3736128000153501,0.005459666372457549,-5.2103675950377495,5.4277377221988505,3.4256387032856783,1.2312879370395962,0.007934487574146021,0.7934487574146021,0.40107198674464956,40.107198674464954
湖南,2021.0,45751.9,17325.9,24103.7,6622.0,3954.0,2668.0,2323.0,6026.18,218.02719549999995,150.70573356666662,0.6912244741810967,0.0,,,,,,0.0,0.0,,,,0.0,0.0,,69090.75807913017,11.143176253764954,0.5971005738447599,0.3786924696023553,0.004765423851249892,-5.346368794887509,5.384619805008454,3.292467464512231,1.1916372728893543,0.008570284260617306,0.8570284260617307,0.4317806657436496,43.17806657436496
湖南,2022.0,47957.9,17519.8,25836.8,6604.0,3983.0,2621.0,2475.1,6155.69,216.22958760000003,148.80504613333335,0.6881807794435868,0.0,,,,,,0.0,0.0,,,,0.0,0.0,,72619.4730466384,11.192988388630218,0.6031193216232587,0.36531624612420477,0.004508737613615275,-5.401738072938483,5.376340748755571,3.2742214960629923,1.1860801297036434,0.008996127025563034,0.8996127025563034,0.45200702950858984,45.20070295085898
广东,2016.0,83493.4,35499.2,44493.7,11908.0,8353.0,3555.0,2779.4,11518.43,506.86261150000007,280.77490503333337,0.5539467671573036,0.0,,,,,,0.0,0.0,,,,0.0,0.0,,70115.38461538461,11.157897515639318,0.7014612025529056,0.42517372630651046,0.006070690755197418,-5.104282882164924,6.228239983633879,4.256488171817266,1.4484444474863025,0.013084803446456215,1.3084803446456215,0.6803134409776228,68.03134409776229
广东,2017.0,93004.8,38536.6,50856.7,12141.0,8589.0,3552.0,3246.8,14160.35,533.1979271466668,297.6485475333334,0.5582327544410337,0.0,,,,,,0.0,0.0,,,,0.0,0.0,,76603.90412651347,11.246403322138926,0.707437608104769,0.41435065717038255,0.005733015147031838,-5.161513682981615,6.2788927007251045,4.391713426790765,1.4797194531692202,0.015816508580570595,1.5816508580570594,0.8250572633251372,82.50572633251372
广东,2018.0,101875.9,41398.5,56641.1,12348.0,8867.0,3481.0,3597.8,14106.94,557.27838396,296.11149113333335,0.5313529102442047,0.0,,,,,,0.0,0.0,,,,0.0,0.0,,82503.96825396825,11.320601671214103,0.7180919987042436,0.40636205422479704,0.005470168940446171,-5.208445778117284,6.323064906742686,4.51310644606414,1.506985707108727,0.01657580815295984,1.6575808152959841,0.8587677740272045,85.87677740272045
广东,2019.0,110468.1,43528.6,62588.8,12489.0,9073.0,3416.0,3801.6,14200.29,552.2894168611658,292.3937635666666,0.5294212683422981,0.0,,,,,,0.0,0.0,,,,0.0,0.0,,88452.31803987508,11.390218906591898,0.7264793017855713,0.39403773578073664,0.004999537575654562,-5.298409855694113,6.314072214784686,4.4222068769410345,1.4866388649096924,0.017095547392032173,1.7095547392032173,0.882918143034756,88.2918143034756
广东,2020.0,113708.9,43756.4,65133.047999999995,12611.85,9335.079999999998,3263.0,3890.0,14246.791,575.1479738750602,285.5927653333333,0.4965552836936062,0.0,,,,,,0.0,0.0,,,,0.0,0.0,,90073.58998732573,11.408382281731082,0.7415240811153359,0.3848106876418645,0.005058073500623612,-5.286769599281303,6.354627353559252,4.555988386209285,1.5164424964616878,0.01732771671706092,1.7327716717060921,0.8937840261095099,89.37840261095099
广东,2021.0,124140.20999999998,49977.2,65133.047999999995,12611.85,9335.079999999998,3218.0,4276.53,14246.791,669.6167718132929,348.34831276666665,0.5202204117787472,0.0,,,,,,0.0,0.0,,,,0.0,0.0,,100581.362346263,11.518722254536423,0.7462945443077893,0.3917402298526228,0.005248709973814272,-5.249772951846004,6.5067055663724735,5.279223997266579,1.6637791167023266,0.018723152965572885,1.8723152965572885,0.9633296137838167,96.33296137838167
广东,2022.0,124140.20999999998,51218.621999999996,65133.047999999995,12611.85,9335.079999999998,3192.0,4276.53,14246.791,659.0715287333333,341.98923953333326,0.5188954834547336,0.0,,,,,,0.0,0.0,,,,0.0,0.0,,104722.36706960575,11.559068004125166,0.7478075373311212,0.38734457411742695,0.004972357212895138,-5.303861263003868,6.490832069937564,5.207170172500065,1.650036555133207,0.019533454676510003,1.9533454676510003,1.0,100.0
广西,2016.0,16417.2,5621.0,7996.0,4857.0,2392.0,2465.0,790.0,3163.9,182.47862422,103.52331953333332,0.5673175144532188,0.0,,,,,,0.0,0.0,,,,0.0,0.0,,33801.11179740581,10.428248974344507,0.49248507309038503,0.34238481592476183,0.011115088091757425,-4.499451806113135,5.206633038600934,3.7570233522750667,1.3236269822432802,0.003290838455665219,0.3290838455665219,0.1706169270490579,17.06169270490579
广西,2017.0,18071.7,6138.3,9055.1,4907.0,2482.0,2425.0,968.0,3713.35,193.853496,107.25150003333333,0.553260592387425,0.0,,,,,,0.0,0.0,,,,0.0,0.0,,36828.408396168736,10.514024793630728,0.5058080293458325,0.33966367303574097,0.010726909809259782,-4.5349997592273255,5.267102698517124,3.9505501528428777,1.3738548484153117,0.004041533501185045,0.4041533501185045,0.20893179647477333,20.893179647477332
广西,2018.0,19951.7,6692.9,10237.8,4947.0,2564.0,2383.0,1230.6,4130.82,209.36892695999998,120.91852079999998,0.5775380451899699,0.0,,,,,,0.0,0.0,,,,0.0,0.0,,40330.90762078027,10.60487339246864,0.5182939155043461,0.33545512412476125,0.010493788848068083,-4.556971735125685,5.344097896594482,4.232240286234081,1.442731471354865,0.004899702001209306,0.48997020012093057,0.2509880110314364,25.098801103143643
广西,2019.0,21341.5,6870.3,11081.5,4982.0,2639.0,2343.0,1447.4,4450.21,226.5917734,135.46679849999998,0.5978451753447461,0.0,,,,,,0.0,0.0,,,,0.0,0.0,,42837.21397029306,10.665162489073746,0.5297069450020072,0.3219220767050114,0.010617424895157322,-4.545258769486131,5.423150043433558,4.548209020473705,1.5147335335995233,0.0055921719169882604,0.559217191698826,0.2847791747899533,28.47791747899533
广西,2020.0,22250.7,7067.6,11537.2,5019.0,2720.0,2299.0,1650.8,4799.26,222.24334339999996,140.82672193333332,0.6336600222930832,0.0,,,,,,0.0,0.0,,,,0.0,0.0,,44332.9348475792,10.699483130094915,0.541940625622634,0.3176349508105363,0.009988150637957455,-4.606355824784322,5.4037729229893445,4.428040314803745,1.487957119322502,0.006273171479456649,0.627317147945665,0.3182999809403976,31.82999809403976
广西,2021.0,25311.5,8523.3,12736.5,5037.0,2774.0,2263.0,1827.4,5011.41,239.25476811111113,141.26870413333333,0.5904530356850711,0.0,,,,,,0.0,0.0,,,,0.0,0.0,,50251.14155251141,10.824788543126198,0.5507246376811594,0.33673626612409374,0.009452413650360947,-4.661485157352158,5.477528959543508,4.749945763571791,1.5581331997859493,0.006806788161393632,0.6806788161393632,0.3440581522852929,34.40581522852929
广西,2022.0,26419.7,8867.3,13282.0,5047.0,2809.0,2238.0,2054.2,5177.85,229.19741850000003,142.72604023333335,0.6227209763854008,0.0,,,,,,0.0,0.0,,,,0.0,0.0,,52347.335050525064,10.865656308613703,0.5565682583713097,0.3356321229991256,0.00867524682339315,-4.747281501289632,5.43458372168815,4.541260521101645,1.5132046213359793,0.007424855110107541,0.7424855110107541,0.3732363763312674,37.32363763312674
海南,2016.0,4151.0,977.563,2322.3,957.0,543.0,414.0,186.5,816.6,62.255452026666674,18.741062633333335,0.301034881656722,0.0,,,,,,0.0,0.0,,,,0.0,0.0,,43375.13061650993,10.677641528576267,0.567398119122257,0.21777884847024814,0.014997699837790092,-4.19985843378567,4.131246114267369,6.50527189411355,1.8726129088025059,0.00043842860422452256,0.04384286042245226,0.022883206479059174,2.2883206479059175
海南,2017.0,4552.9,996.4,2593.7,972.0,564.0,408.0,228.7,911.7,60.75249310000001,20.327797233333335,0.3346002146755247,0.0,,,,,,0.0,0.0,,,,0.0,0.0,,46840.534979423865,10.754504239068801,0.5802469135802469,0.21884952447890357,0.013343691515297944,-4.316711551491335,4.1068081200617215,6.250256491769548,1.832622501589374,0.0005941021829301353,0.05941021829301353,0.03067266719532819,3.0672667195328187
海南,2018.0,5004.2,1053.1,2965.1,982.0,581.0,401.0,279.1,913.96,63.832202933333335,21.497575366666666,0.3367826015517409,0.0,,,,,,0.0,0.0,,,,0.0,0.0,,50959.26680244399,10.838781902435398,0.5916496945010183,0.21044322768874144,0.012755725777013976,-4.361775027634077,4.156257811179604,6.500224331296674,1.8718366888132292,0.0007094268391093501,0.07094268391093501,0.0358785944969567,3.58785944969567
海南,2019.0,5442.1,1095.6,3267.6,995.0,591.0,404.0,323.2,931.51,66.0966737656,20.87457423333333,0.315818830874323,0.0,,,,,,0.0,0.0,,,,0.0,0.0,,54694.47236180905,10.909517929589159,0.5939698492462312,0.20131934363572881,0.012145435358703442,-4.410801870426681,4.1911184243448885,6.642881785487438,1.8935458731743868,0.0008202119491096944,0.08202119491096944,0.0410069301204449,4.10069301204449
海南,2020.0,5640.8,1074.6,3430.2,1012.0,610.0,402.0,351.5,963.97,64.24821623333332,18.7467753,0.29178670473770724,0.0,,,,,,0.0,0.0,,,,0.0,0.0,,55739.13043478261,10.928437700533603,0.6027667984189723,0.19050489292298964,0.01138991211057533,-4.475027217920216,4.162753960484615,6.348637967720684,1.848240296625295,0.0009047488985541664,0.09047488985541664,0.045078090834175,4.5078090834175
海南,2021.0,6508.9,1233.1,4021.2,1020.0,622.0,398.0,450.2,989.43,68.40340858666666,20.974134866666667,0.3066241185933385,0.0,,,,,,0.0,0.0,,,,0.0,0.0,,63812.74509803922,11.063708215809173,0.6098039215686275,0.189448293874541,0.010509211784889406,-4.55550309358603,4.225422656525277,6.706216528104575,1.9030349362350514,0.0011439328264372405,0.11439328264372406,0.056047198858761235,5.604719885876124
海南,2022.0,6912.8,1281.4,4213.6,1027.0,631.0,396.0,508.2,1044.41,60.99970332666665,21.051352299999998,0.3451058144867597,0.0,,,,,,0.0,0.0,,,,0.0,0.0,,67310.61343719572,11.117073206574814,0.6144109055501461,0.18536627705126724,0.008824167244339001,-4.730261043862973,4.110869000664216,5.939601102888671,1.7816419767237495,0.0013098664543732851,0.13098664543732852,0.06396597497582457,6.396597497582457
重庆,2016.0,18271.1,7765.4,9268.8,3110.0,1970.0,1140.0,704.7,2556.02,142.18186601591333,110.97580913224665,0.7805201341205212,0.0,,,,,,0.0,0.0,,,,0.0,0.0,,58749.517684887454,10.981038222353769,0.6334405144694534,0.4250099884517079,0.0077817901503419796,-4.855968870814979,4.957106984735887,4.571764180575991,1.5198991655506988,0.002712566038718629,0.2712566038718629,0.1395737251381048,13.957372513810478
重庆,2017.0,20260.8,8455.0,10529.7,3144.0,2044.0,1100.0,866.9,2831.58,127.77450139999999,97.3122854,0.7615939356739294,0.0,,,,,,0.0,0.0,,,,0.0,0.0,,64442.748091603054,11.07353248212343,0.6501272264631043,0.4173082997709864,0.006306488460475401,-5.0661762612214005,4.8502670024749435,4.064074472010178,1.4021860349139377,0.0032538567733141855,0.32538567733141854,0.1662020731174204,16.620207311742043
重庆,2018.0,21866.8,8842.2,11645.9,3163.0,2107.0,1056.0,1070.1,2862.24,123.80383502666666,90.86490599999999,0.7339425792458545,0.0,,,,,,0.0,0.0,,,,0.0,0.0,,69133.10148593108,11.14378893247699,0.6661397407524502,0.4043664367900196,0.005661726225449845,-5.174026446437479,4.818698337368977,3.914126937295816,1.364592300051419,0.0037324823404847785,0.37324823404847784,0.18798413801067176,18.798413801067177
重庆,2019.0,23689.6,9059.8,13078.2,3188.0,2175.0,1013.0,1164.0,3016.09,125.66605754666666,90.57435493333332,0.7207543285878776,0.0,,,,,,0.0,0.0,,,,0.0,0.0,,74308.6574654956,11.215982744314855,0.6822459222082811,0.38243786302850197,0.005304693095141609,-5.239163360589378,4.8336280516594,3.9418462216645755,1.3716491977373861,0.00404224404924312,0.40422440492431205,0.20319078707132734,20.319078707132736
重庆,2020.0,25158.1,9646.0,13708.5,3209.0,2229.0,980.0,1228.4,3117.18,87.82853224666667,53.32453719999999,0.6071436677347389,0.0,,,,,,0.0,0.0,,,,0.0,0.0,,78398.5665316298,11.26956092213601,0.69460891243378,0.3834152817581614,0.0034910638023804134,-5.657548774778634,4.475386416491049,3.019435056226523,1.105068943703744,0.004251882906168715,0.42518829061687147,0.21345715934363552,21.34571593436355
重庆,2021.0,28092.5,10679.5,15490.7,3212.0,2259.0,953.0,1338.5,3288.5,122.33182304,80.56717606666666,0.658595401135507,0.0,,,,,,0.0,0.0,,,,0.0,0.0,,87461.08343711084,11.378949212691587,0.7033001245330013,0.38015484559935925,0.004354607921687283,-5.436520702193877,4.806737213588181,3.8085872677459527,1.3372583245096197,0.004609331980473742,0.46093319804737415,0.23095339295188966,23.095339295188964
重庆,2022.0,28771.8,10477.4,16281.8,3213.0,2280.0,933.0,1461.5,3448.03,125.01271139999999,85.96085043333332,0.687616878881113,0.0,,,,,,0.0,0.0,,,,0.0,0.0,,89548.08590102708,11.402531032620853,0.7096171802054155,0.36415517972459144,0.004344973599149166,-5.438735596428428,4.8284154233321015,3.8908406909430435,1.3586252502043343,0.004988454637284489,0.4988454637284489,0.24932687247991975,24.932687247991975
四川,2016.0,33879.2,13450.1,16528.5,8251.0,4126.0,4126.0,1851.2,6358.42,250.1385517266667,148.0998068,0.5920710973086338,0.0,,,,,,0.0,0.0,,,,0.0,0.0,,41060.71991273784,10.62280722360816,0.5000605987153073,0.39700170015820924,0.007383248474777052,-4.908541564483337,5.5220149712529825,3.0316149766896943,1.1090954731367306,0.007714840163217149,0.7714840163217149,0.3960542222304416,39.605422223044165
四川,2017.0,38517.1,14569.2,19685.4,8289.0,4292.0,3997.0,2167.5,6898.54,229.76108880000004,125.49354326666668,0.5461914544455565,0.0,,,,,,0.0,0.0,,,,0.0,0.0,,46467.72831463385,10.746513335896678,0.5177946676318012,0.378252776039733,0.00596517102274055,-5.121817552805452,5.43704002470657,3.019435056226523,1.105068943703744,0.008772141492984695,0.8772141492984695,0.4480827620998114,44.80827620998114
四川,2018.0,43539.0,16056.9,23054.7,8321.0,4452.0,3869.0,2624.5,7332.03,255.30467041333333,148.8038625333333,0.5828481801465784,0.0,,,,,,0.0,0.0,,,,0.0,0.0,,52324.239875015024,10.865215020214226,0.535031847133758,0.3687934954868049,0.00586381566901705,-5.138954749234105,5.542457617904367,3.068196976485198,1.1210900849920287,0.010079765118369997,1.0079765118369997,0.5104877652012566,51.048776520125664
四川,2019.0,47168.6,17202.7,25158.5,8351.0,4623.0,3728.0,2811.7,7277.7,276.55705605555556,151.4050996333333,0.547464244061517,0.0,,,,,,0.0,0.0,,,,0.0,0.0,,56482.57693689378,10.941687496779524,0.5535863968387019,0.3647066056656335,0.0058631601543305415,-5.139066545266956,5.622417150689615,3.3116639451030485,1.1974507655244768,0.010468334275164732,1.0468334275164732,0.5275154856892983,52.75154856892983
四川,2020.0,49445.1,17594.8,26293.4,8371.0,4749.0,3622.0,2975.5,7521.36,266.6840893,141.4367097,0.5303530108273318,0.0,,,,,,0.0,0.0,,,,0.0,0.0,,59067.136542826425,10.986429983467358,0.5673157328873492,0.35584516969325575,0.005393539284984761,-5.222553470410644,5.586064771740587,3.1858092139529326,1.1587063270686226,0.010993009718253786,1.0993009718253786,0.5531323741661509,55.31323741661509
四川,2021.0,55131.3,20016.5,29452.0,8372.0,4841.0,3531.0,3220.9,7990.76,268.88122433333336,140.2702972,0.5216812648327807,0.0,,,,,,0.0,0.0,,,,0.0,0.0,,65852.00668896321,11.09516518034361,0.5782369804108934,0.36306961744054644,0.004877106549878805,-5.323203155070522,5.594269736862796,3.2116725314540537,1.166791839284997,0.011845244388758095,1.1845244388758094,0.5953516443873458,59.535164438734576
四川,2022.0,57609.4,20314.0,31330.0,8374.0,4886.0,3488.0,3566.1,8400.37,260.55109168666667,139.11449676666666,0.5339240602145043,0.0,,,,,,0.0,0.0,,,,0.0,0.0,,68795.55767852878,11.138894453210757,0.5834726534511584,0.35261606612809715,0.004522718370381686,-5.398642056535661,5.562798971278001,3.1114293251333494,1.1350822106870038,0.012885083400494664,1.2885083400494663,0.6455141839204155,64.55141839204155
贵州,2016.0,12133.9,4468.7,5803.4,3758.0,1712.0,2046.0,459.4,2528.71,348.35636776,313.31523043333334,0.8994100852756386,0.0,,,,,,0.0,0.0,,,,0.0,0.0,,32375.580544407847,10.385123483305932,0.4609035265288728,0.36828225055423236,0.02870934882931292,-3.550532466077718,5.853226001085142,9.269727721128259,2.2267540070998226,0.002140929581785889,0.21409295817858892,0.11363583727848171,11.363583727848171
贵州,2017.0,14067.3,4970.9,7064.2,3803.0,1816.0,1987.0,568.6,2938.47,340.33879527633337,303.48301521633334,0.8917085546181255,0.0,,,,,,0.0,0.0,,,,0.0,0.0,,36990.00788850907,10.518403098087063,0.4775177491454115,0.35336560676178086,0.02419361180015592,-3.7216666558672507,5.829941578171889,8.949218913392937,2.1915662562317206,0.0026475628611667443,0.2647562861166744,0.13981642908429515,13.981642908429514
贵州,2018.0,15886.6,5506.2,8224.3,3822.0,1893.0,1929.0,732.0,3323.1,291.44947347333334,252.72892919999998,0.8671449160230644,0.0,,,,,,0.0,0.0,,,,0.0,0.0,,41566.19570905285,10.635042512760679,0.49529042386185246,0.34659398486775017,0.01834561665009085,-3.998364607671102,5.674866657913613,7.62557492080935,2.0315077191014863,0.0032607371832897815,0.32607371832897813,0.17058109221045004,17.058109221045004
贵州,2019.0,17251.8,5836.6,9134.6,3848.0,1981.0,1867.0,892.9,3520.08,289.23560001999994,249.79743726666663,0.8636469274508177,0.0,,,,,,0.0,0.0,,,,0.0,0.0,,44833.16008316008,10.710703325032323,0.5148128898128899,0.33831832040714593,0.016765531713792182,-4.088430183862005,5.667241580979732,7.51651767203742,2.0171029551822257,0.0037492550279396705,0.374925502793967,0.19418515191364744,19.418515191364744
贵州,2020.0,18308.3,5881.1,9887.2,3858.0,2051.0,1807.0,1002.4,3597.39,277.8234403,238.04713496666665,0.8568288360032472,0.0,,,,,,0.0,0.0,,,,0.0,0.0,,47455.41731467081,10.76754596642901,0.5316226023846553,0.32122589208173347,0.015174726233456958,-4.188123982828175,5.626985805090326,7.2012296604458275,1.974251797612743,0.0040457273741464975,0.4045727374146497,0.20816034202558056,20.816034202558058
贵州,2021.0,19921.3,6351.8,10839.1,3852.0,2093.0,1759.0,1187.4,3811.02,295.4391621333333,257.9663500333333,0.87316233965256,0.0,,,,,,0.0,0.0,,,,0.0,0.0,,51716.77050882659,10.853537389111523,0.5433541017653167,0.31884465371235815,0.014830315397756838,-4.211081855509099,5.688462934544257,7.669760179993077,2.037285347614333,0.004599264563020228,0.45992645630202283,0.234826776342996,23.482677634299602
贵州,2022.0,20579.5,6360.7,11356.7,3856.0,2114.0,1742.0,1384.1,4013.17,272.66160307999996,242.35801259999997,0.888860073667546,0.0,,,,,,0.0,0.0,,,,0.0,0.0,,53370.072614107885,10.88500542990619,0.5482365145228216,0.30907942369834057,0.013249185018100535,-4.323819236509489,5.608231477150954,7.071099664937759,1.9560160074086097,0.005171960236232637,0.5171960236232638,0.2622598960184515,26.22598960184515
云南,2016.0,16773.6,5747.4,8800.7,4677.0,2088.0,2589.0,655.3,3302.06,184.53702500395224,150.36923293683893,0.8148458713562683,0.0,,,,,,0.0,0.0,,,,0.0,0.0,,35864.015394483635,10.487489715081326,0.4609035265288728,0.3426455859207326,0.011001635010012892,-4.509711379955292,5.217850120875736,3.9456280736359255,1.3726081491379418,0.003074070894145083,0.3074070894145083,0.16201078318879183,16.201078318879183
云南,2017.0,18864.6,6317.8,10208.5,4693.0,2172.0,2521.0,812.6,3680.47,198.21699805561735,150.8582270558507,0.7610761364346849,0.0,,,,,,0.0,0.0,,,,0.0,0.0,,40197.31515022373,10.601555485068873,0.46281696143191986,0.3349024098046076,0.010507352292421645,-4.55568004853126,5.289362380355849,4.223673514928987,1.4407052505495221,0.003669516038274101,0.3669516038274101,0.19192650279218298,19.1926502792183
云南,2018.0,21427.5,7267.5,11661.3,4703.0,2231.0,2472.0,1019.4,3918.88,205.48207936,136.24612833333333,0.6630560132430486,0.0,,,,,,0.0,0.0,,,,0.0,0.0,,45561.34382309164,10.726814912804173,0.47437805655964277,0.3391669583479174,0.009589643185625949,-4.647071597700158,5.32535882507288,4.3691703032107165,1.474573129115923,0.0042880311709253055,0.42880311709253055,0.2217207619581293,22.172076195812927
云南,2019.0,23902.1,8152.1,12712.3,4714.0,2294.0,2420.0,1156.1,3829.35,172.1130209800766,135.03598679999996,0.7845774017041477,0.0,,,,,,0.0,0.0,,,,0.0,0.0,,50704.49724225711,10.833769888648495,0.4866355536699194,0.3410620824111689,0.007200748929176793,-4.933570240428397,5.148151359739991,3.6511035422163047,1.295029462232006,0.004540159240944428,0.4540159240944428,0.2323200271301554,23.23200271301554
云南,2020.0,25214.5,8427.8,13175.0,4722.0,2363.0,2359.0,1278.1,3945.4,205.71579852666665,132.9066207333333,0.64606909962778,0.0,,,,,,0.0,0.0,,,,0.0,0.0,,53397.924608216854,10.885527159178356,0.5004235493434985,0.3342441848936128,0.008158630888047221,-4.808678907410865,5.326495597436767,4.356539570662148,1.4716780657794,0.004889447254233485,0.4889447254233485,0.2489915740273237,24.89915740273237
云南,2021.0,27895.3,9535.2,14527.8,4690.0,2394.0,2296.0,1451.9,4063.24,203.99395943017936,136.71616970000002,0.6701971474150127,0.0,,,,,,0.0,0.0,,,,0.0,0.0,,59478.25159914712,10.99336600537318,0.5104477611940299,0.3418210236132969,0.00731284336179139,-4.918123112067883,5.318090382769437,4.349551373777811,1.4700727073172035,0.0053569255002003414,0.5356925500200341,0.2709940483163537,27.099404831635372
云南,2022.0,29301.1,9985.8,15313.4,4693.0,2427.0,2266.0,1627.2,4275.14,198.06920310666663,135.58159339999997,0.6845162765005165,0.0,,,,,,0.0,0.0,,,,0.0,0.0,,62435.755380353716,11.041893393144331,0.5171532069038994,0.34079949216923594,0.006759787281251101,-4.996763856692916,5.28861648026965,4.220524251154201,1.439959350463324,0.005887445958598711,0.588744595859871,0.2966108839966791,29.66108839966791
陕西,2016.0,19354.6,8906.5,8752.0,3874.0,2185.0,1689.0,803.0,3384.76,590.0520346119168,490.02488674058344,0.8304774121537903,0.0,,,,,,0.0,0.0,,,,0.0,0.0,,49960.24780588538,10.818982924312989,0.5640165203923593,0.46017484215638665,0.030486397787188414,-3.490474669035381,6.380210727268366,15.23107988156729,2.7233380692895164,0.0034602839908936256,0.34602839908936256,0.18006707077834794,18.006707077834793
陕西,2017.0,21776.1,10114.1,9921.0,3904.0,2267.0,1637.0,903.2,3668.28,637.834905463546,534.9480442762555,0.8386935862148881,0.0,,,,,,0.0,0.0,,,,0.0,0.0,,55778.94467213114,10.929151741535511,0.5806864754098361,0.4644587414642659,0.029290594067052686,-3.530488836099878,6.458079480992435,16.337984258799843,2.7934927194475425,0.0038665184714451123,0.38665184714451123,0.20068659570672695,20.068659570672693
陕西,2018.0,24354.8,11215.3,11309.4,3931.0,2345.0,1586.0,1057.4,3726.81,576.34585536,474.6987831666667,0.8236352855702554,0.0,,,,,,0.0,0.0,,,,0.0,0.0,,61955.73645382854,11.034175480895101,0.5965403205291274,0.4604964935043605,0.023664569422044115,-3.7437763105055253,6.356707923835254,14.661558264054948,2.6852289844014847,0.00425209139315001,0.42520913931500104,0.2185139730146954,21.85139730146954
陕西,2019.0,26214.5,11590.2,12633.2,3944.0,2417.0,1527.0,1197.7,3839.85,611.5946677133331,504.82881899999984,0.8254303800382762,0.0,,,,,,0.0,0.0,,,,0.0,0.0,,66466.78498985802,11.104457628028616,0.6128296146044625,0.4421293558908238,0.02333039606757074,-3.7579982163431915,6.416069755431768,15.506964191514532,2.7412892256973334,0.00464082388717153,0.464082388717153,0.23693478143774122,23.693478143774122
陕西,2020.0,26297.0,10721.1,13308.2,3955.0,2478.0,1477.0,1369.0,3876.23,620.1878615666668,515.6853291333334,0.831498584687956,0.0,,,,,,0.0,0.0,,,,0.0,0.0,,66490.5183312263,11.10481463499292,0.6265486725663717,0.40769289272540593,0.02358397769961086,-3.7471877085484673,6.4300224346700245,15.681109015592082,2.7524567404563616,0.005050991055968632,0.5050991055968632,0.2556849982481559,25.56849982481559
陕西,2021.0,30476.6,12963.3,15103.7,3954.0,2516.0,1438.0,1567.4,4115.16,571.8663906200002,464.49217063333344,0.8122389744390208,0.0,,,,,,0.0,0.0,,,,0.0,0.0,,77077.89580171977,11.25257182326777,0.6363176530096105,0.4253525655749001,0.018764113799439576,-3.9758090737592373,6.348905381262912,14.462984082448157,2.671592563520441,0.005650854076076223,0.5650854076076223,0.2846446048746613,28.46446048746613
陕西,2022.0,33035.6,14264.7,16196.0,3956.0,2532.0,1424.0,1760.5,4167.23,601.4542196666666,487.4493642333333,0.8104513166496425,0.0,,,,,,0.0,0.0,,,,0.0,0.0,,83507.58341759353,11.332692726087496,0.6400404448938322,0.4317978181113708,0.01820624476827019,-4.005990624615571,6.399350422238343,15.203595037074486,2.721531915483832,0.00612023433613401,0.612023433613401,0.3061880871152617,30.618808711526167
甘肃,2016.0,7207.1,2483.5,3922.9,2520.0,1161.0,1359.0,392.9,1804.94,169.71652950000004,109.16138970000002,0.6431983379674282,0.0,,,,,,0.0,0.0,,,,0.0,0.0,,32375.580544407847,10.385123483305932,0.4609035265288728,0.34459075078741797,0.023548518752341444,-3.7486923584876193,5.134129571739477,6.734782916666668,1.9072855772220993,0.0015316433407308286,0.15316433407308286,0.0802381449582737,8.02381449582737
甘肃,2017.0,7642.6,2515.7,4267.1,2522.0,1214.0,1308.0,576.4,2034.1,173.98676512849633,112.04128503516299,0.6439644127667752,0.0,,,,,,0.0,0.0,,,,0.0,0.0,,32375.580544407847,10.385123483305932,0.48136399682791436,0.32916808415984083,0.022765389413091922,-3.782513904561245,5.158979233841726,6.898761503905485,1.9313419033049521,0.002091639987944767,0.2091639987944767,0.10732370156497055,10.732370156497055
甘肃,2018.0,8364.7,2761.6,4677.0,2515.0,1250.0,1265.0,742.8,2210.61,182.49648573333334,120.56716576666665,0.6606547259372503,0.0,,,,,,0.0,0.0,,,,0.0,0.0,,33259.24453280318,10.412088038502278,0.4970178926441352,0.3301493179671715,0.021817457378427597,-3.8250448324784996,5.206730916581434,7.256321500331346,1.9818730200356862,0.002579604437763329,0.2579604437763329,0.13073338847205773,13.073338847205774
甘肃,2019.0,9053.3,2914.2,5079.8,2509.0,1272.0,1237.0,870.7,2323.06,185.44137674666666,120.73458026666665,0.6510660262817364,0.0,,,,,,0.0,0.0,,,,0.0,0.0,,36083.30011956955,10.49358543672238,0.5069748903945795,0.3218936741298753,0.02048329081624012,-3.888145807332459,5.22273880378016,7.391047299588149,2.0002694434018298,0.0029399418626931267,0.2939941862693127,0.14787212330242677,14.787212330242678
甘肃,2020.0,9323.1,2891.9,5243.1,2501.0,1306.0,1195.0,931.4,2298.62,195.98652623333334,129.53417913333334,0.6609341041083374,0.0,,,,,,0.0,0.0,,,,0.0,0.0,,37277.48900439824,10.52614491149884,0.5221911235505797,0.31018652594094237,0.021021605070559505,-3.8622045572401986,5.278045913160077,7.836326518725843,2.0587701682705495,0.0030616088726983072,0.3061608872698307,0.1531422620243555,15.314226202435549
甘肃,2021.0,10608.0,3531.6,5711.6,2490.0,1328.0,1162.0,1025.2,2434.24,211.51688606666667,144.79799033333333,0.6845694120501347,0.0,,,,,,0.0,0.0,,,,0.0,0.0,,42602.409638554214,10.659666094943073,0.5333333333333333,0.3329185520361991,0.01993937462921066,-3.915058877567611,5.354304834858032,8.494654058902276,2.1394370313873705,0.0033595831916217434,0.33595831916217433,0.16766778780592193,16.766778780592194
甘肃,2022.0,11553.6,3981.5,6072.4,2492.0,1351.0,1141.0,1092.7,2483.32,211.47216049999997,157.76502096666664,0.7460321046214812,0.0,,,,,,0.0,0.0,,,,0.0,0.0,,46362.760834670946,10.744251847765756,0.5421348314606742,0.34461120343442736,0.018303572955615563,-4.000658994716028,5.3540933609808885,8.486041753611556,2.1384226670616364,0.0035432426755403522,0.35432426755403523,0.17633501039473412,17.633501039473412
青海,2016.0,2804.706,977.563,1432.8429999999998,587.27,336.99,270.0,123.05199999999999,559.4830000000001,53.15164761666667,34.70568453,0.6529559493677369,0.0,,,,,,0.0,0.0,,,,0.0,0.0,,39702.749140893466,10.589175712159205,0.5360824742268041,0.37551391353269575,0.023002400838129863,-3.77215668423413,3.9731491036803304,9.132585501145476,2.211848841936984,0.0,0.0,0.0,0.0
青海,2017.0,2804.706,977.563,1432.8429999999998,587.27,336.99,261.0,123.05199999999999,559.4830000000001,48.683126683000005,32.06751560833333,0.6586987688186265,0.0,,,,,,0.0,0.0,,,,0.0,0.0,,42952.21843003413,10.667843577534486,0.5546075085324232,0.3876440206595153,0.01934172693007549,-3.9454904997647167,3.885332495370599,8.307700799146758,2.117182891781678,0.00010870683531062685,0.010870683531062684,0.005706904017463298,0.5706904017463298
青海,2018.0,2804.706,1093.7,1435.3,587.27,336.99,251.0,152.9,559.4830000000001,49.05520486,31.780761100000003,0.6478570661502686,0.0,,,,,,0.0,0.0,,,,0.0,0.0,,47698.4667802385,10.772654533387897,0.5724020442930153,0.3906210936104861,0.01752034174791957,-4.044392687504342,3.892946293735469,8.356934388415674,2.123091659895464,0.00019911280012978652,0.019911280012978653,0.00998591353379134,0.998591353379134
青海,2019.0,3020.2,1172.0,1543.4,590.0,347.0,243.0,174.5,564.67,45.595421039466665,27.73774666666667,0.6125799069841176,0.0,,,,,,0.0,0.0,,,,0.0,0.0,,51189.83050847457,10.843296168418107,0.588135593220339,0.3880537712734256,0.014992454053815423,-4.200208267537582,3.819803662170285,7.67461181920904,2.037917714892432,0.0002515383115137759,0.025153831151377593,0.012391166487602438,1.2391166487602439
青海,2020.0,3080.6,1157.5,1582.0,593.0,356.0,237.0,182.0,581.12,45.595421039466665,24.3201123,0.5886018418588033,0.0,,,,,,0.0,0.0,,,,0.0,0.0,,51949.40978077571,10.858025635168815,0.6003372681281619,0.37573849250146074,0.013412466435110045,-4.311570673536556,3.819803662170285,6.967697150084318,1.941284775644167,0.0002789189760096418,0.027891897600964177,0.013758925917573332,1.3758925917573332
青海,2021.0,3446.3,1389.7,1699.5,594.0,362.0,232.0,209.4,609.07,45.98726696666667,29.140552099999997,0.6336656649137724,0.0,,,,,,0.0,0.0,,,,0.0,0.0,,58018.51851851852,10.968517523370055,0.6094276094276094,0.40324405884571857,0.013343953505692095,-4.31669191765748,3.828364553099036,7.741964135802469,2.0466554197244826,0.0003585619216241172,0.035856192162411725,0.017572617470562445,1.7572617470562446
青海,2022.0,3677.4,1618.7,1676.1,595.0,366.0,229.0,249.7,650.09,45.595421039466665,30.235241666666663,0.6636842338728322,0.0,,,,,,0.0,0.0,,,,0.0,0.0,,61805.04201680672,11.031740226150294,0.6151260504201681,0.44017512372872136,0.012388281679084859,-4.3910042790698816,3.819803662170285,7.6565826969187665,2.035565761092321,0.0004756445920509539,0.04756445920509539,0.023178532626502397,2.3178532626502397
宁夏,2016.0,2853.3,1179.7,1432.8429999999998,695.0,408.0,287.0,123.05199999999999,602.14,189.71723426876332,161.25506726424334,0.8499758489827076,0.0,,,,,,0.0,0.0,,,,0.0,0.0,,41054.676258992804,10.62266002456784,0.5870503597122302,0.4134510917183612,0.06649046166500659,-2.710696775216836,5.245534722939614,27.29744377967818,3.306793063362913,0.00013384136709139517,0.013384136709139518,0.00740748028731841,0.740748028731841
宁夏,2017.0,3271.6,1406.0,1615.0,705.0,430.0,275.0,159.2,682.53,226.23797925305,196.94494994991666,0.8705211680202963,0.0,,,,,,0.0,0.0,,,,0.0,0.0,,46405.67375886525,10.745177010024733,0.6099290780141844,0.42975913925907816,0.06915209049182358,-2.6714469900655113,5.4215874507953075,32.090493511070925,3.4685598339711303,0.00029171062705191136,0.029171062705191136,0.015173909528457695,1.5173909528457696
宁夏,2018.0,3580.6,1488.1,1813.1,710.0,441.0,269.0,217.0,694.61,235.93472809333332,211.25349629999997,0.8953895766308311,0.0,,,,,,0.0,0.0,,,,0.0,0.0,,50430.98591549296,10.828361065057994,0.6211267605633802,0.41560073730659663,0.06589251189558547,-2.71973047222143,5.463555190895742,33.23024339342723,3.503460406848473,0.0004299852453722584,0.042998524537225837,0.02149341349282753,2.149341349282753
宁夏,2019.0,3841.5,1588.0,1973.6,717.0,456.0,261.0,259.1,685.74,251.89874125555556,224.6126245,0.8916782330092181,0.0,,,,,,0.0,0.0,,,,0.0,0.0,,53577.40585774059,10.888882725684253,0.6359832635983264,0.4133801900299362,0.06557301607589629,-2.7245910079621836,5.529027186345506,35.13232095614443,3.559121531733977,0.0005194953666093574,0.051949536660935734,0.02544607166390051,2.544607166390051
宁夏,2020.0,4036.2,1604.8,2093.3,721.0,468.0,253.0,283.6,712.71,259.5129114777778,233.09239763333335,0.8981919100132834,0.0,,,,,,0.0,0.0,,,,0.0,0.0,,55980.58252427184,10.932760168950848,0.6490984743411928,0.3976017045736088,0.06429634593869922,-2.7442524776784047,5.55880645658121,35.99346899830483,3.583337505284353,0.0005919635256677565,0.059196352566775655,0.028928932839095048,2.8928932839095047
宁夏,2021.0,4666.5,2036.6,2265.3,725.0,479.0,246.0,317.1,750.82,283.51707354444443,255.34736516666663,0.9006419330391336,0.0,,,,,,0.0,0.0,,,,0.0,0.0,,64365.51724137931,11.07233332212731,0.6606896551724138,0.43642987249544624,0.06075582846768337,-2.800892259508734,5.647272345497067,39.10580324750958,3.6662708766304837,0.0006918343862307233,0.06918343862307233,0.03373658046801396,3.3736580468013964
宁夏,2022.0,5168.1,2318.6,2441.9,728.0,483.0,245.0,349.4,787.92,300.7556613933334,273.71172950000005,0.9100800571199728,0.0,,,,,,0.0,0.0,,,,0.0,0.0,,70990.38461538462,11.17029971889993,0.6634615384615384,0.4486368297827054,0.058194628856510784,-2.8439622161923337,5.706298178928099,41.31259085073261,3.7211673167195047,0.0007883530083271819,0.0788353008327182,0.038385084649364826,3.8385084649364827
新疆,2016.0,9913.9,3446.1,4994.6,2428.0,1224.0,1204.0,468.4,1633.55,410.8532643133333,295.0534979333333,0.7181481165215072,0.0,,,,,,0.0,0.0,,,,0.0,0.0,,40831.54859967051,10.617210311580425,0.5041186161449753,0.3476028606300245,0.04144214328501733,-3.183456962170058,6.018236129613574,16.921468876166937,2.8285831634222762,0.0015935593640422651,0.15935593640422652,0.08160405598235006,8.160405598235005
新疆,2017.0,11460.8,4096.2,5812.8,2480.0,1287.0,1193.0,569.9,1855.84,452.2648373,334.37479129999997,0.7393340443979723,0.0,,,,,,0.0,0.0,,,,0.0,0.0,,46212.903225806454,10.741014328677341,0.5189516129032258,0.35740960491414214,0.039461890731886086,-3.232419864383862,6.114267931476324,18.236485375,2.9034242783053883,0.0019638996244874607,0.19638996244874607,0.10010213186244322,10.010213186244323
新疆,2018.0,13110.1,4657.2,6760.9,2520.0,1361.0,1159.0,647.3,1992.49,480.9460545133333,371.5493393333333,0.7725384912644767,0.0,,,,,,0.0,0.0,,,,0.0,0.0,,52024.206349206346,10.859464395964432,0.540079365079365,0.3552375649308548,0.03668515530112915,-3.305383093456484,6.175755111037235,19.08516089338624,2.9489111165198576,0.002225467276117694,0.22254672761176938,0.11299864123925012,11.299864123925012
新疆,2019.0,14024.9,4824.9,7418.3,2559.0,1421.0,1138.0,775.9,2138.19,519.3051657266666,410.7486353666666,0.790958115719692,0.0,,,,,,0.0,0.0,,,,0.0,0.0,,54806.17428683079,10.911558136057094,0.5552950371238765,0.34402384330726066,0.03702737030044183,-3.29609790195932,6.25249169828138,20.29328510069037,3.0102900481096824,0.0026084735824238123,0.26084735824238126,0.13143229879056495,13.143229879056495
新疆,2020.0,14262.2,4798.5,7482.4,2590.0,1464.0,1126.0,883.9,2359.17,555.4673467,446.59941369999996,0.8040066015639294,0.0,,,,,,0.0,0.0,,,,0.0,0.0,,55066.40926640927,10.916295177051165,0.5652509652509653,0.3364487947161027,0.038946820735931344,-3.245558134234782,6.319809825533784,21.446615702702704,3.065566856828292,0.0029926714157388736,0.29926714157388734,0.15054283163916618,15.054283163916619
新疆,2021.0,16791.5,6281.3,8151.5,2589.0,1482.0,1107.0,1064.2,2464.3,632.03459422,516.8897536,0.8178187686670831,0.0,,,,,,0.0,0.0,,,,0.0,0.0,,64857.087678640404,11.079941477197949,0.5724217844727694,0.37407616949051603,0.037640150922788315,-3.279683954634625,6.4489441303386785,24.412305686365393,3.195087336575232,0.003466777386534738,0.3466777386534738,0.17273818342815267,17.273818342815268
新疆,2022.0,18550.5,7312.7,8584.0,2587.0,1498.0,1089.0,1174.8,2435.38,682.6549586999998,570.3405990333332,0.8354741905331645,0.0,,,,,,0.0,0.0,,,,0.0,0.0,,71706.60997294163,11.180338211640375,0.5790490916119057,0.39420500795126817,0.036799814490175456,-3.3022624748477987,6.525989547002423,26.387899447236173,3.272905550804485,0.0036983646889067853,0.36983646889067856,0.18291536138437325,18.291536138437326
